CACHE_HITS 0
BB_OUTPUT_TYPE OBJ
( -0.84397713588900003  0  0  0  -0  -0  -0  -0  -0  0 ) BB_EVAL_OK ( 10813.659153995563 ) SURROGATE_EVAL_NOT_STARTED ( )
( -0.64918512908100001  -0.35241175215699999  -0.024903547179999999  0.21614722420099999  0.081259413067999997  -0.051202149741999999  -0.047541916242999999  -0.14404634533300001  0.182774419715  0.107846717341 ) BB_EVAL_OK ( 11374.703293190791 ) SURROGATE_EVAL_NOT_STARTED ( )
( -0.25154402515800001  -0.36857763858999998  -0.01196248282  0.34039893817200001  0.15952832952599999  -0.10701080981  0.0050764108429999996  -0.46425418005899999  0.28381576790500002  0.044326859875999998 ) BB_EVAL_OK ( 11439.452226900265 ) SURROGATE_EVAL_NOT_STARTED ( )
( -0.54148078955000001  -0.44485373158300001  -0.020790374284000001  0.079993286804999994  0.202226902766  0.057485635138999999  0.021076944443000002  -0.15095042727999999  0.21820627915900001  0.070163219104000002 ) BB_EVAL_OK ( 12281.304133759646 ) SURROGATE_EVAL_NOT_STARTED ( )
( -0.56885119926500005  -0.40890320176799999  -0.048430770602000003  0.084048238767000003  -0.19442426407300001  -0.17452212458800001  0.180602238059  -0.195785550807  0.113023652069  -0.0018821213760000001 ) BB_EVAL_OK ( 14650.049009810598 ) SURROGATE_EVAL_NOT_STARTED ( )
( -0.36481723592999998  -0.10858526437300001  0.01758018284  0.29163577920700001  -0.44068871488200001  -0.33102814734199998  -0.0024240734919999999  -0.22675656370300001  0.20184051302600001  0.025800199833000002 ) BB_EVAL_OK ( 16307.515788076758 ) SURROGATE_EVAL_NOT_STARTED ( )
( -0.417425296163  0.51290229599299997  0.028847985683  -0.36771926198499999  0.22145718826899999  -0.0050606032800000001  -0.14979089605500001  -0.032954519656999998  -0.028536819373999999  -0.48858875119900003 ) BB_EVAL_OK ( 18596.674393612426 ) SURROGATE_EVAL_NOT_STARTED ( )
( -0.48931319412199997  -0.14369506782300001  -0.0088696962230000002  0.045318677944999997  0.015984593025  0.0076097480360000002  -0.24400971239800001  0.093733684486000002  -0.84782357904799999  0.23784501467899999 ) BB_EVAL_OK ( 19932.771835229705 ) SURROGATE_EVAL_NOT_STARTED ( )
( -0.29452118731400001  -0.49610681998  -0.033773243403000003  0.26146590214600002  0.097244006093000004  -0.043592401705999997  -0.29155162864099998  -0.050312660847  -0.66504915933300002  0.345691732019 ) BB_EVAL_OK ( 21655.584133949033 ) SURROGATE_EVAL_NOT_STARTED ( )
( -0.481645045366  -0.217197948803  -0.015888206451  0.113618723519  0.56628995956100003  0.15237513238299999  0.047237260050999999  -0.41550528875800002  0.129515397152  -0.037038267264000002 ) BB_EVAL_OK ( 24780.722035974875 ) SURROGATE_EVAL_NOT_STARTED ( )
( -0.55960924273799995  0.24382648778400001  0.042483730019999999  0.075488555006000005  -0.52194812795000001  -0.27982599759999999  0.045117842750999997  -0.082710218370000005  0.019066093310000001  -0.082046517506999997 ) BB_EVAL_OK ( 24875.556967503049 ) SURROGATE_EVAL_NOT_STARTED ( )
( 0.12018199019799999  -0.32750328854799998  -0.050431026602000002  0.28604391783499999  -0.0092311448970000005  0.333602644615  0.050008410140000001  0.46511199230299999  -0.446364670573  0.76194351861800003 ) BB_EVAL_OK ( 30120.525010946491 ) SURROGATE_EVAL_NOT_STARTED ( )
( -1.2416182398110001  0.016165886433000001  -0.012941064360000001  -0.124251713971  -0.078268916458000007  0.055808660067999998  -0.052618327085999998  0.32020783472499997  -0.10104134819  0.063519857464999996 ) BB_EVAL_OK ( 36280.24076957786 ) SURROGATE_EVAL_NOT_STARTED ( )
( -0.25916441843400001  -0.567157569237  -0.056394200031999998  0.148912523209  0.48072521075800001  0.32601326234599998  -0.19498258613300001  0.16628463948  -0.52324390218000005  0.48403456250600002 ) BB_EVAL_OK ( 37464.489622036795 ) SURROGATE_EVAL_NOT_STARTED ( )
( -0.566244493578  -0.53385389180099996  -0.079977156075  -0.034091021813999998  -0.46695473358799999  -0.28551232518800002  0.38189060357400001  -0.18792583225600001  0.052892262464000001  -0.065115452579000005 ) BB_EVAL_OK ( 38553.776925324266 ) SURROGATE_EVAL_NOT_STARTED ( )
( 0.43990665222800002  -0.154727550022  -0.030568253210999999  0.248979093904  -0.14769806818299999  0.42338231106699997  0.19169529539999999  0.59899907426099996  -0.28549332010900003  0.81823983159699998 ) BB_EVAL_OK ( 39154.290277029686 ) SURROGATE_EVAL_NOT_STARTED ( )
( -0.75582308901200002  -0.038826601496  0.0023639183689999998  0.27379359029099998  -0.14299378808300001  0.56552294575899997  0.053475329822999997  -0.76913239794599997  0.027350029489000002  0.231927002656 ) BB_EVAL_OK ( 39992.511559981584 ) SURROGATE_EVAL_NOT_STARTED ( )
( -0.30383387498300002  -0.45229400574900003  -0.064742116663999996  0.19371375635300001  0.32759154806099999  0.19657714241900001  -0.22399828183699999  0.17460143910199999  -0.57449796451000001  0.440125411317 ) BB_EVAL_OK ( 40443.290720490491 ) SURROGATE_EVAL_NOT_STARTED ( )
( -0.332707361328  -0.13157724687799999  -0.069415739456999997  -0.042878845132  0.150794396085  0.36466367268  0.0095094004140000004  0.73735634818399998  0.41787205810099998  0.33762854273100001 ) BB_EVAL_OK ( 42842.038607186551 ) SURROGATE_EVAL_NOT_STARTED ( )
( -0.057547943020999998  -0.66700185581000004  -0.023439675052000002  -0.0084419124409999997  0.338223308813  0.17500431990500001  -0.14295826029799999  -0.090258605916000004  -0.59628257363799997  0.26301044080899999 ) BB_EVAL_OK ( 43405.419921876637 ) SURROGATE_EVAL_NOT_STARTED ( )
( -0.95061509582000003  0.31358515066100001  0.027267465548000001  0.057646366089999998  -0.224253201151  0.61672509550099996  0.101017246066  -0.62508605261299999  -0.15542439022599999  0.124080285316 ) BB_EVAL_OK ( 47341.216536130174 ) SURROGATE_EVAL_NOT_STARTED ( )
( -0.96246375803499995  -0.0022901447140000002  0.018724429516999999  0.014188412912999999  0.31743197748300001  -0.16377009229699999  0.566361744926  -0.10188408803100001  -0.22377731127200001  0.036513386634 ) BB_EVAL_OK ( 47914.740353038767 ) SURROGATE_EVAL_NOT_STARTED ( )
( -0.21158055181099999  -0.67754895962499995  -0.088846852298000004  0.011227656131  -0.450970140563  -0.27790257715200001  0.137880891176  -0.094192147771000004  -0.79493131658399996  0.17272956210000001 ) BB_EVAL_OK ( 53542.776982211923 ) SURROGATE_EVAL_NOT_STARTED ( )
( -0.347556340633  -0.68049416129100004  -0.072609364698000001  0.27386023097700002  0.31626372950699999  0.250030724787  -0.187054877082  0.19235496973300001  -0.67493035663900003  0.62801851117100005 ) BB_EVAL_OK ( 57217.374070141108 ) SURROGATE_EVAL_NOT_STARTED ( )
( 0.10833332798299999  -0.249990187483  -0.0100139429  0.32276604423999999  -0.74213609934000002  -0.15964830700999999  -0.81279553081599998  -0.031138791185999999  -0.42220575475099997  0.22713182787799999 ) BB_EVAL_OK ( 60001.553545302158 ) SURROGATE_EVAL_NOT_STARTED ( )
( 0.71261510092799996  -0.69608092713900005  -0.062393509421999997  0.626442856007  0.15029718462899999  0.226591834805  0.055084820983  0.000857812245  -0.16254890266700001  0.80627037849399996 ) BB_EVAL_OK ( 62056.911944247178 ) SURROGATE_EVAL_NOT_STARTED ( )
( 0.22107777961799999  -0.401067889452  -0.042152348164  0.70196928656699997  0.114920808493  0.80951794289800005  0.18865858021699999  0.75374488135999995  -0.48491194413299998  0.020296011490000002 ) BB_EVAL_OK ( 62343.08248370832 ) SURROGATE_EVAL_NOT_STARTED ( )
( -0.41221188478800003  -0.35248643005399999  -0.013182666208  -0.57198534846000004  0.37801710138700001  -0.19245841420900001  -0.044811515392999997  -0.441227514978  0.39484129577799998  0.69407465244599997 ) BB_EVAL_OK ( 62657.65598127585 ) SURROGATE_EVAL_NOT_STARTED ( )
( 0.15027759222299999  -0.44209846246700002  -0.046810314222  0.71062278915400001  0.0054783339239999999  0.77602370225899997  0.19844427506000001  0.70966249956799998  -0.60479318007399996  0.037533767746999999 ) BB_EVAL_OK ( 64141.061012643731 ) SURROGATE_EVAL_NOT_STARTED ( )
( -1.2586803134  -0.16860353143199999  0.016657783198999999  -0.024578015689000001  0.10647515099  -0.37719504632099998  -0.341560038781  -0.51542465315099995  -0.21868448875999999  -0.41625178659899997 ) BB_EVAL_OK ( 64415.090210802904 ) SURROGATE_EVAL_NOT_STARTED ( )
( -0.024828814737  -0.089024639709  0.022030460009  0.71303973194699999  -0.22586254373600001  1.0573773859269999  0.100415281871  -0.30380776050399999  -0.70198483002800005  -0.252972447903 ) BB_EVAL_OK ( 65638.641668158729 ) SURROGATE_EVAL_NOT_STARTED ( )
( -0.074610016609999996  -0.145911894323  -0.026914792042999999  0.58812145170800001  -0.146268943565  0.74465778043599995  0.243413293876  0.86639356221300001  -0.77243938065600004  -0.014812425038 ) BB_EVAL_OK ( 68828.177860771117 ) SURROGATE_EVAL_NOT_STARTED ( )
( -0.76103650038600001  -0.35226249757599998  -0.056460921515999997  0.26798651205899998  -0.60399253225500005  0.12554281063299999  0.57529548731000002  0.213355737653  -0.27318244761900001  -0.84187139623499996 ) BB_EVAL_OK ( 73366.748569628122 ) SURROGATE_EVAL_NOT_STARTED ( )
( 0.43896581641900001  -0.11342519211  -0.061684114333000001  -0.030060416411000001  0.45343315590900002  0.66193709838500003  0.052053572375000003  0.67387473107200002  -0.45984772786200001  0.64138152000000004 ) BB_EVAL_OK ( 78254.419497530354 ) SURROGATE_EVAL_NOT_STARTED ( )
( -0.50321502306800003  -0.213653810955  -0.031436239546999999  0.33025783323399999  0.19532580651699999  0.85398967954399996  -0.086327203763000002  -0.454484927293  -0.68534142580099999  0.66442708533799999 ) BB_EVAL_OK ( 89192.317798005693 ) SURROGATE_EVAL_NOT_STARTED ( )
( -0.921347255453  -0.25677904272099999  -0.056869097972000002  -0.099255108081999999  0.18452377851599999  0.35691099373099999  -0.19204269069900001  0.64837651278700004  -0.91986221087599995  0.52992116851899995 ) BB_EVAL_OK ( 91127.644222562769 ) SURROGATE_EVAL_NOT_STARTED ( )
( -0.028525777764000001  -0.52664690934400005  -0.087494566615999997  0.29494882462900002  0.221719244176  0.64238520892700002  0.240033137442  0.68373312933099994  -0.25692426513799999  1.0196125431130001 ) BB_EVAL_OK ( 91999.616167840009 ) SURROGATE_EVAL_NOT_STARTED ( )
( -0.33954610372900002  -0.44068421070500002  -0.068838227720000006  -0.28801847161499999  0.37763662851300001  -0.12792641373399999  -0.307681559582  -0.079096971626000004  -0.468900002802  1.219798764906 ) BB_EVAL_OK ( 93876.490720101297 ) SURROGATE_EVAL_NOT_STARTED ( )
( 0.45511183401799998  -0.517863761812  -0.070734193070999998  0.30863715679600001  -0.073718951355000006  -0.28236392558399998  0.085496403587999995  1.2454873763430001  -0.24610094190599999  0.796776211766 ) BB_EVAL_OK ( 95225.069548720086 ) SURROGATE_EVAL_NOT_STARTED ( )
( -0.40115914724500001  -0.353342027251  -0.0078930904749999996  0.83733702630999995  -0.18278758065699999  0.93298567987400005  -0.044671415082000003  -0.41816348888400001  -0.96377383992700005  -0.19913720898100001 ) BB_EVAL_OK ( 95642.302541070938 ) SURROGATE_EVAL_NOT_STARTED ( )
( 0.45842150019099998  -0.57079319662600003  -0.072621884516999996  0.299157952916  -0.073712889382000005  -0.26481072325400001  0.115491747458  1.2435298001220001  -0.248587953109  0.81674261446600005 ) BB_EVAL_OK ( 98395.182830972961 ) SURROGATE_EVAL_NOT_STARTED ( )
( -0.32963302370199998  -0.46110229701799998  -0.067821444989999993  -0.27295054858399997  0.39777576768900003  -0.10982609864499999  -0.333771435512  -0.071846009806999997  -0.50093902019900005  1.2504215923699999 ) BB_EVAL_OK ( 98968.61386599399 ) SURROGATE_EVAL_NOT_STARTED ( )
( -0.36917571851199998  -0.48380690085299999  -0.074373462969000007  -0.26860011269099998  0.32534656315799998  -0.149750287122  -0.27266452639400002  -0.078306050148999995  -0.48747436135400002  1.248846270044 ) BB_EVAL_OK ( 100037.12119695185 ) SURROGATE_EVAL_NOT_STARTED ( )
( -0.93927057238400002  -0.30535054906300002  -0.060269705059999998  -0.070669086593999994  0.15879012593399999  0.35691483108400002  -0.19118909976199999  0.65534226775000004  -0.95055325694699999  0.57642731363699995 ) BB_EVAL_OK ( 100121.90915971903 ) SURROGATE_EVAL_NOT_STARTED ( )
( -0.52406325609399995  -0.18151681754099999  -0.043352727924000002  -1.0383708186759999  -0.251456458336  -0.37556643991299998  0.43216292066799999  -0.34106065656899998  0.082184718811999999  0.413265765186 ) BB_EVAL_OK ( 102092.84198662707 ) SURROGATE_EVAL_NOT_STARTED ( )
( 0.40840422715199998  -0.55466421761999996  -0.074423288138000004  0.36468407588000001  -0.112448904726  -0.299167916576  0.079769823392999997  1.2544609692519999  -0.27446866238899997  0.85449905311200003 ) BB_EVAL_OK ( 106428.29757461742 ) SURROGATE_EVAL_NOT_STARTED ( )
( -0.34329082223599999  -0.50454478039899997  -0.070933572220999996  -0.24804171971700001  0.37425668698999998  -0.109872867325  -0.33441575353500003  -0.065209800040000002  -0.531915434465  1.2920418499749999 ) BB_EVAL_OK ( 107195.5736240736 ) SURROGATE_EVAL_NOT_STARTED ( )
( -0.42166529212300002  -0.54313891619999999  -0.083665219710000002  -0.24017707827400001  0.232377376558  -0.19359551845199999  -0.20952216049399999  -0.079078807350000002  -0.50819692393899996  1.2851972645900001 ) BB_EVAL_OK ( 111274.83248183269 ) SURROGATE_EVAL_NOT_STARTED ( )
( 0.42983438726700002  -0.65357747100600005  -0.076760968176999997  0.33277643090199999  -0.095296116466000003  -0.25526172058000002  0.13692816906399999  1.2491271429340001  -0.27665160204099998  0.88390926644900003 ) BB_EVAL_OK ( 112233.56874014328 ) SURROGATE_EVAL_NOT_STARTED ( )
( -1.2586803134  0.0022168265  0.018045095819999999  -0.54280277376300001  0.16225353659  -0.73704803240000005  -0.48742300627399998  -0.77265987772699996  -0.075384198392999993  0.252657439717 ) BB_EVAL_OK ( 116154.69266701248 ) SURROGATE_EVAL_NOT_STARTED ( )
( -0.95426356074800001  -0.37495145595899998  -0.064236467793999996  -0.029435435815000001  0.13494407591900001  0.36190394542600002  -0.198410561953  0.66708534110100004  -1.0123146541700001  0.64800773066399997 ) BB_EVAL_OK ( 117007.44669171373 ) SURROGATE_EVAL_NOT_STARTED ( )
( -0.17622378293099999  -0.57777935094999999  -0.11008049630699999  -0.61955048087999998  -0.011710550298  -0.26814989917900001  0.088586966192999994  -0.13483007201899999  -0.50982576906199994  0.97998161890299995 ) BB_EVAL_OK ( 118943.00137058485 ) SURROGATE_EVAL_NOT_STARTED ( )
( 0.71569665518299996  -0.65440438934099998  -0.086884606490999994  0.50669410967299999  0.46722148924700002  0.50869256905100002  0.18097675042  0.20574803571  0.010807749891  0.86256094224500002 ) BB_EVAL_OK ( 119039.67277233212 ) SURROGATE_EVAL_NOT_STARTED ( )
( -0.37765104057999999  -0.74026807188300003  -0.039057083136000002  0.681325694195  0.74237880264099998  0.52209615612799998  0.51724212628599997  0.32163577602600002  -0.89032150381899999  -0.14836127717600001 ) BB_EVAL_OK ( 122054.92533037937 ) SURROGATE_EVAL_NOT_STARTED ( )
( 0.73081518733700002  -0.679888269125  -0.087057992900999998  0.51721045456299997  0.47655619142  0.522182778111  0.16103542776300001  0.21305874463499999  -0.032307146442000001  0.89210297645799996 ) BB_EVAL_OK ( 122774.58734710638 ) SURROGATE_EVAL_NOT_STARTED ( )
( -0.36183045001800002  -0.57270873661699995  -0.074811637993000002  -0.20726125571699999  0.35025079104399998  -0.10495985046300001  -0.339197118603  -0.054404063534  -0.58519859589699996  1.3612438168559999 ) BB_EVAL_OK ( 122854.46839602089 ) SURROGATE_EVAL_NOT_STARTED ( )
( -0.36183045001800002  -0.91434945248099997  -0.077586263234000002  0.82918826043000005  0.23869401984499999  0.61474612169499998  -0.047471183617999999  0.46006638561800001  -0.87179917663299999  0.023425364224 ) BB_EVAL_OK ( 124366.477306635 ) SURROGATE_EVAL_NOT_STARTED ( )
( 0.12182578649299999  -0.46977905595899999  -0.077063789930000001  0.69278068837399998  0.24780532221599999  0.97580977196600005  0.319878930743  0.92977120442799999  -0.43269404357500002  0.16385353137100001 ) BB_EVAL_OK ( 127094.8057159083 ) SURROGATE_EVAL_NOT_STARTED ( )
( 0.33574009079  -0.58594179395799995  -0.079344569237999998  0.45519076862699998  -0.174828471485  -0.33148750029099999  0.051267618197999999  1.2700837602049999  -0.31339628030299999  0.93317792366899999 ) BB_EVAL_OK ( 127245.95133922584 ) SURROGATE_EVAL_NOT_STARTED ( )
( 0.11658053813200001  -0.49922917958899998  -0.077843413496999997  0.71514320123599995  0.247571602709  0.98487706369899997  0.30484175288799997  0.93666524895799996  -0.459657063654  0.20006406613800001 ) BB_EVAL_OK ( 132171.91406171423 ) SURROGATE_EVAL_NOT_STARTED ( )
( -1.2234897866229999  -0.34231856705899999  -0.018403122045000001  -0.41069972318199999  -0.050056866217999998  -0.72001520323199997  -0.35392152515999997  -0.96203884765500003  -0.013615114842  0.39036258271399998 ) BB_EVAL_OK ( 132417.45503787321 ) SURROGATE_EVAL_NOT_STARTED ( )
( 0.15553875907799999  -0.56937439573699999  -0.074439295850999995  0.69171529697099998  0.31847167416799999  1.0630612947460001  0.29244042014100002  0.93894451720700001  -0.44785970378700002  0.23137712278899999 ) BB_EVAL_OK ( 134103.43610199887 ) SURROGATE_EVAL_NOT_STARTED ( )
( 0.17042827723500001  -0.49579705117099998  -0.071736888531000007  0.71408127746500005  0.32257392819399999  1.0373832594129999  0.22580651414899999  0.94881182534999997  -0.49862656390400001  0.21944387930500001 ) BB_EVAL_OK ( 136058.93110351128 ) SURROGATE_EVAL_NOT_STARTED ( )
( 0.203944072808  -0.46156615126400002  -0.064271596365999994  0.71034873599799997  0.39997036118700002  1.0772617814350001  0.16230163143699999  0.95390590112600004  -0.49480896364600002  0.213932848437 ) BB_EVAL_OK ( 136755.3095085207 ) SURROGATE_EVAL_NOT_STARTED ( )
( -0.51465341276800003  -0.64220832513100001  -0.10117278759999999  -0.207299879012  0.054155197687000001  -0.27968786500600001  -0.074642580599999994  -0.085992226845000005  -0.52527230436899996  1.3278371056710001 ) BB_EVAL_OK ( 137799.42468682691 ) SURROGATE_EVAL_NOT_STARTED ( )
( 0.11684138911600001  -0.13983333669299999  -0.074954821364999993  -0.335861255754  0.35509279558000001  0.256281109354  0.028708716555  0.41689718251300001  -0.154000962243  1.5138222091739999 ) BB_EVAL_OK ( 139582.12418978813 ) SURROGATE_EVAL_NOT_STARTED ( )
( -0.49613766272600002  -0.22544217547600001  -0.065340455761999996  -0.099404420278000005  0.295524293637  -0.25243644534499998  -0.48943892196799998  -0.051004640027000003  -0.448710197506  1.235625080033 ) BB_EVAL_OK ( 140318.06352997903 ) SURROGATE_EVAL_NOT_STARTED ( )
( 0.40359312904599998  -0.78148949525400002  -0.080968864217000003  0.37322976469899999  -0.099444609904999995  -0.22300684803099999  0.16333057213300001  1.257195681594  -0.32033877917999998  0.98437133404599997 ) BB_EVAL_OK ( 140394.8162088285 ) SURROGATE_EVAL_NOT_STARTED ( )
( 0.0090326772999999999  -0.71179953671700003  -0.095623395803  0.35581322817099997  0.20777327621899999  0.66863114230099996  0.23622082779699999  0.71176332470899994  -0.50154258205500002  1.1915935384680001 ) BB_EVAL_OK ( 140471.24919561029 ) SURROGATE_EVAL_NOT_STARTED ( )
( 0.53488516770899996  -0.15889975711599999  -0.067088809801000002  0.31062193352400003  -0.115706295887  0.71079769093699996  0.39156844892100001  0.98053664545399999  -0.227680181812  1.178195305217 ) BB_EVAL_OK ( 146486.27491664662 ) SURROGATE_EVAL_NOT_STARTED ( )
( -0.12396141916099999  -0.70000197739600001  -0.086300505878000006  0.81612612099899995  0.17988215344799999  1.0209366977150001  0.44703841905500002  0.92030650555799998  -0.19549046330299999  0.32554227611699998 ) BB_EVAL_OK ( 147669.13275437205 ) SURROGATE_EVAL_NOT_STARTED ( )
( 0.27010646136799998  -0.42580584715600001  -0.050760068653  0.72319697024700003  0.54920721212800006  1.1638191129390001  0.022108916231999998  0.97148663918300004  -0.52391384057099999  0.239770149914 ) BB_EVAL_OK ( 150584.99804128407 ) SURROGATE_EVAL_NOT_STARTED ( )
( -0.16377833667399999  -0.503485235014  -0.075729580596000004  -0.25359128713700002  0.35259826608099998  -0.14846089630000001  -0.43750910998600001  -0.027868373046999999  -0.92792965946399997  1.342396373373 ) BB_EVAL_OK ( 152746.97384473699 ) SURROGATE_EVAL_NOT_STARTED ( )
( 0.223296286373  -0.53828109546299996  -0.054063394452000001  0.76009495302300001  0.54707874173799997  1.1917431264339999  0.065831676850000007  0.97298223014700003  -0.51994241013099995  0.322267575897 ) BB_EVAL_OK ( 161780.07397563558 ) SURROGATE_EVAL_NOT_STARTED ( )
( -0.34563126446699999  -0.73892482682600003  -0.088141012199999993  0.82871930829899998  0.13601029759399999  1.0208743803439999  0.62609350768700001  0.87526486479900001  0.20298070662600001  0.28483929747300002 ) BB_EVAL_OK ( 161880.78001614928 ) SURROGATE_EVAL_NOT_STARTED ( )
( 0.86213635675199995  0.31400505526900002  -0.037927424437999999  -0.37962529579999998  0.65068765275600005  0.65850993574100003  -0.063360964313999998  0.64585428539400003  -0.558616220803  0.21441603607000001 ) BB_EVAL_OK ( 162570.1447620728 ) SURROGATE_EVAL_NOT_STARTED ( )
( 0.060142754453999997  -0.46898152987199998  -0.041255627006000002  -0.21144017798199999  0.16900698471799999  -0.39583563974899999  -0.681424308531  -0.21381420093799999  -1.3695724480139999  1.2524459730140001 ) BB_EVAL_OK ( 169208.00025879306 ) SURROGATE_EVAL_NOT_STARTED ( )
( -0.66659215651399994  -0.38211489135999999  -0.044682206316999998  0.094431395360999995  0.6271632855  0.94167765374599999  -0.24573570345099999  -0.62806803040600001  -0.74142786057300003  0.401304871497 ) BB_EVAL_OK ( 177167.46164934355 ) SURROGATE_EVAL_NOT_STARTED ( )
( 0.29529635640500002  -0.890035463272  -0.114748217763  0.144684187273  0.496323470815  0.10059321188500001  0.041608066130000003  1.333267134482  -0.31848400648500003  0.90009375311499995 ) BB_EVAL_OK ( 179838.98280539914 ) SURROGATE_EVAL_NOT_STARTED ( )
( -0.32946046704999998  -0.52127672949399995  -0.0078153990289999992  1.215531916417  -0.16876428141700001  0.75828348886800001  0.38587090400099999  0.50431118577800005  0.057045189444  -1.1736754223120001 ) BB_EVAL_OK ( 185074.87085055263 ) SURROGATE_EVAL_NOT_STARTED ( )
( 0.15951068742499999  -0.88851071377900004  -0.12012419936099999  0.27789515195499997  0.41225045560500001  0.015363086437  0.047208641603999998  1.343341866806  -0.354390007279  0.98450609182299997 ) BB_EVAL_OK ( 188205.10823102773 ) SURROGATE_EVAL_NOT_STARTED ( )
( 0.166619884754  -0.61059445942400004  -0.091302432567999997  0.64313757928699999  -0.34042391262499999  -0.44160356964199998  0.014737203791000001  1.2971416266619999  -0.38910536487500003  1.0670526252570001 ) BB_EVAL_OK ( 195647.98053655142 ) SURROGATE_EVAL_NOT_STARTED ( )
( 0.059981924822000002  -0.34337002965399999  -0.060629155455999999  0.26363213313400002  0.079414118608999995  1.353739703812  0.32056795054199999  0.073995707945999994  -0.63223082659700003  1.1929796426729999 ) BB_EVAL_OK ( 203672.66902588404 ) SURROGATE_EVAL_NOT_STARTED ( )
( 0.087944767649  0.054259826751000002  -0.065685873869999994  0.34166794839300002  -0.19125482898599999  1.2212651504450001  -0.14854003055199999  0.143252497763  -0.60706079087700004  1.0291530730080001 ) BB_EVAL_OK ( 204794.78252819605 ) SURROGATE_EVAL_NOT_STARTED ( )
( -0.68571625816000004  -1.250880223162  -0.086629498334999999  1.0348565432679999  0.20348963688899999  0.69092685170400003  0.100671277415  0.45647438371400001  -0.63800737317300005  0.30371408738900002 ) BB_EVAL_OK ( 207146.8799258022 ) SURROGATE_EVAL_NOT_STARTED ( )
( 0.37397147350999999  -0.394746326338  -0.018543577548000002  0.72205904499399998  0.92636329132999995  1.385756558075  -0.18195682631999999  0.986088465819  -0.46892633047900001  0.285329382854 ) BB_EVAL_OK ( 209128.80365792173 ) SURROGATE_EVAL_NOT_STARTED ( )
( -0.38931048502999999  -0.0090432626899999997  0.037612678407  0.44503974863599999  0.14514475860199999  0.55073003027199996  -0.536022349919  -0.96654266169199998  -1.2109951480609999  -1.103977746779 ) BB_EVAL_OK ( 214988.56813187688 ) SURROGATE_EVAL_NOT_STARTED ( )
( -0.97867180491000005  -0.48630590135099999  -0.124332570916  -0.157378934921  -0.52468985559100001  0.033099519426999999  0.161475167305  0.64213045608399999  -1.1699309678200001  0.51594608252399998 ) BB_EVAL_OK ( 216434.20114064447 ) SURROGATE_EVAL_NOT_STARTED ( )
( 0.12398316605  -0.41049114580200002  -0.060967301532000001  -0.28569135353199998  0.53495391007000004  -0.075305199842000001  -0.71382317234899995  0.023180688356000002  -1.3160597525819999  1.36637774889 ) BB_EVAL_OK ( 230886.12314488462 ) SURROGATE_EVAL_NOT_STARTED ( )
( -0.24104392449199999  -0.85515882521499997  -0.084843570233999993  -0.240949839444  1.2471604065240001  0.79596407863100005  -0.151753293421  0.20985766024800001  -0.49377730914200002  0.39146327962299998 ) BB_EVAL_OK ( 242909.18728734626 ) SURROGATE_EVAL_NOT_STARTED ( )
( -0.030067908008999999  -0.56430378140500004  -0.039170437538000001  1.104004522134  0.68043301551000002  1.226251343463  -0.135343664654  1.019370525692  -0.52323253062200004  0.612639320742 ) BB_EVAL_OK ( 262348.38884134556 ) SURROGATE_EVAL_NOT_STARTED ( )
( 0.925701803027  -1.304312846418  -0.080319165671000003  0.82971039955199999  0.79978186980900001  0.11199164272500001  -0.184829764447  -0.76222372063699995  0.044387633630999998  0.57268828225699997 ) BB_EVAL_OK ( 270152.9945050464 ) SURROGATE_EVAL_NOT_STARTED ( )
( -0.057547943020999998  -0.71409456906199997  -0.11879490954999999  -0.36531576133499999  0.79274856980300001  -0.36314943936499999  -0.24198964616999999  0.91567303871000005  -0.166706083289  1.388818977126 ) BB_EVAL_OK ( 275154.84928346111 ) SURROGATE_EVAL_NOT_STARTED ( )
( 0.0023974264590000001  -0.233836642712  -0.061794644154000003  0.88290543833500001  -0.100870065262  1.545443340222  0.302911047105  0.35345134040499998  -0.83451929245599998  0.44567913887600002 ) BB_EVAL_OK ( 277693.7433970354 ) SURROGATE_EVAL_NOT_STARTED ( )
( -0.14499993149000001  -0.72234664053200004  -0.16103057304999999  0.375482796743  -0.58142017315700001  0.215724245244  0.517059979271  0.707829782854  -0.70019132500000003  1.10131265976 ) BB_EVAL_OK ( 279808.34352792078 ) SURROGATE_EVAL_NOT_STARTED ( )
( 0.033440921461999999  -0.11761399775  -0.058459948912000001  0.86641937640599997  -0.101014504943  1.5057838940670001  0.25784933960700002  0.35362104184499998  -0.85329864443000003  0.377040004544 ) BB_EVAL_OK ( 280860.54621809331 ) SURROGATE_EVAL_NOT_STARTED ( )
( -0.57304343974500005  -0.488291313517  -0.074378842333000003  0.035655493820000002  0.76307875284500004  1.2086206391829999  -0.068825952787999994  -0.39120476033200002  -0.72578764465500001  0.61402313074399995 ) BB_EVAL_OK ( 284120.59138156381 ) SURROGATE_EVAL_NOT_STARTED ( )
( -0.61947427713299996  -0.44397854752400001  -0.073466730815999998  0.086965785961999997  0.74593571727100005  1.1806288025330001  -0.107881840912  -0.38486298908  -0.715611574546  0.62535464924100004 ) BB_EVAL_OK ( 284561.09916465369 ) SURROGATE_EVAL_NOT_STARTED ( )
( 0.210459934948  0.28787309047999998  -0.068565942439999999  0.30145973394999998  -0.35343401686600001  1.2254690052070001  -0.52750793546100005  0.19555278553800001  -0.53049306607699998  0.87325297716100003 ) BB_EVAL_OK ( 292838.15485591005 ) SURROGATE_EVAL_NOT_STARTED ( )
( 0.136998229217  -0.56915522478000002  -0.057647873314000002  0.14383554793200001  0.23084801733800001  1.500677557568  0.49715867710400002  0.044693645265999997  -0.59267593281099995  1.2337228003059999 ) BB_EVAL_OK ( 292920.68520759902 ) SURROGATE_EVAL_NOT_STARTED ( )
( -1.152136219732  -0.52237253337400003  -0.13241030703100001  0.010505842882  -0.63447335169300001  -0.054459991268000003  0.17042352964800001  0.65665930976200004  -1.202691581666  0.64073401328500001 ) BB_EVAL_OK ( 293471.17495221732 ) SURROGATE_EVAL_NOT_STARTED ( )
( -0.65017027151600004  -0.49739890636  -0.071610464503000001  0.131070334293  0.77842013755700001  1.222564355446  -0.139083182817  -0.37609119476300001  -0.69773438571599999  0.69016136532899997 ) BB_EVAL_OK ( 294049.80919650249 ) SURROGATE_EVAL_NOT_STARTED ( )
( -0.66460972092399995  -0.36210242765700001  -0.073989817762000004  0.142526014008  0.69707123934199999  1.121385088559  -0.160329665885  -0.37615393761600002  -0.72680137034000003  0.61854125726099995 ) BB_EVAL_OK ( 297071.43347572809 ) SURROGATE_EVAL_NOT_STARTED ( )
( -0.60258640489299997  -1.011373938585  -0.032175918598000001  -0.14475899561700001  0.48997648362700003  -0.34355815518999999  0.42733141319000001  -0.41642339886599999  -0.64822277516799998  1.4570218049579999 ) BB_EVAL_OK ( 306978.673073838 ) SURROGATE_EVAL_NOT_STARTED ( )
( -0.67952311682099997  -0.30345078751100002  -0.076957523676000006  0.149448403975  0.63598442737200001  1.067472630952  -0.16691568947400001  -0.37577792678400002  -0.73201339097499996  0.584088046606 ) BB_EVAL_OK ( 310561.56421737961 ) SURROGATE_EVAL_NOT_STARTED ( )
( 0.091973312801999996  0.11476258783399999  -0.051228825544000003  0.83387290493599997  -0.091780424983  1.42155189899  0.18471677695700001  0.35090392208299998  -0.897570667717  0.24085713747900001 ) BB_EVAL_OK ( 321847.41961081175 ) SURROGATE_EVAL_NOT_STARTED ( )
( 0.12799324593399999  -0.86288223865199998  -0.123457800173  -0.223197700956  0.45866667939200001  -0.28714738958399999  -0.062825783927000001  1.089333187844  -0.17877947042600001  1.736003402493 ) BB_EVAL_OK ( 324650.28090393363 ) SURROGATE_EVAL_NOT_STARTED ( )
( -0.53916422505799999  -1.1077244187090001  -0.16856123795799999  -0.241772142671  -0.150899576727  -1.1061092496839999  0.073408032844000007  0.52925393289199996  -0.45033783274400002  1.231395348658 ) BB_EVAL_OK ( 329012.44267431542 ) SURROGATE_EVAL_NOT_STARTED ( )
( 0.55327521449999995  -0.17169727271900001  -0.085978674695000007  0.30332045871800001  0.20423575479299999  0.452583565445  -0.306173148999  0.81248843460599995  -1.4466695661719999  1.023531093159 ) BB_EVAL_OK ( 332673.38952750852 ) SURROGATE_EVAL_NOT_STARTED ( )
( -1.4785914841029999  -0.68961881502099998  0.0084120192190000002  0.16699119282300001  0.29420971504799998  -0.80559224238500005  -0.73066199380600005  -1.1748956516339999  -0.25459455780599999  -0.72465685585700002 ) BB_EVAL_OK ( 342443.32055610867 ) SURROGATE_EVAL_NOT_STARTED ( )
( -0.051006558445000003  -1.1949184939049999  -0.089222621448  0.89477864850099997  0.27445463463399999  0.65889883009399997  -0.20348595588999999  0.54730758061999996  -1.7113509402310001  0.34427754023200002 ) BB_EVAL_OK ( 358179.26498408802 ) SURROGATE_EVAL_NOT_STARTED ( )
( -0.047451959779999997  -1.1948497895629999  -0.089784354334000005  0.89435299611399999  0.26493167531  0.663811932863  -0.220476808237  0.55036410326100005  -1.7046376208930001  0.34318213863300001 ) BB_EVAL_OK ( 358247.34821455379 ) SURROGATE_EVAL_NOT_STARTED ( )
( -0.472440338297  -0.110807625847  -0.0032465815560000001  0.78243001346300001  -0.023559577142999999  1.9193164394260001  0.15291487349300001  -0.82665224117000002  -0.97739297299899996  0.063285906820999993 ) BB_EVAL_OK ( 375401.9859057506 ) SURROGATE_EVAL_NOT_STARTED ( )
( -0.409225098876  -0.89684099109399995  -0.16748628078800001  -0.245238053235  -0.21468945718099999  -1.1745918430210001  -0.159375213195  0.56674844722399997  -0.62842294861699999  1.146882652832 ) BB_EVAL_OK ( 375416.11334063223 ) SURROGATE_EVAL_NOT_STARTED ( )
( 0.25051727455900002  -0.49803042039399997  0.021358114906000002  0.67447675463300005  0.76555570336500001  0.72587959648699996  0.56533852355699998  0.28937323554799999  -1.1351972850200001  -1.5268833763880001 ) BB_EVAL_OK ( 378976.9521062533 ) SURROGATE_EVAL_NOT_STARTED ( )
( 0.74364973460499995  0.31636987787999998  -0.068372734926000003  0.39431886394799998  0.036497986954  0.96353629250499995  -0.63245311009000005  1.04491954307  -0.54690578559299996  -0.40832528566999998 ) BB_EVAL_OK ( 387472.68636403844 ) SURROGATE_EVAL_NOT_STARTED ( )
( -0.022958710680000001  -1.294391791247  -0.1098168499  0.74094902668499996  -0.320901798174  -0.217946244751  0.313121468189  1.290150201251  -0.29180195980599999  1.472960085245 ) BB_EVAL_OK ( 407585.78270470956 ) SURROGATE_EVAL_NOT_STARTED ( )
( -0.599599618981  -0.34782616584999998  -0.071718851397000002  -0.50234151594300003  0.20670705454300001  0.0096607073830000008  -0.58828324184299996  0.50358380101  -1.7168379428510001  1.554761971659 ) BB_EVAL_OK ( 415156.30433558795 ) SURROGATE_EVAL_NOT_STARTED ( )
( 0.073489399747  -1.100227537066  -0.13228811346399999  -0.187967225771  0.42499778912500003  -0.19140088201300001  -0.027840634462999999  1.0995117389639999  -0.118557667156  1.8745162200050001 ) BB_EVAL_OK ( 426005.6356341861 ) SURROGATE_EVAL_NOT_STARTED ( )
( 0.245616980042  0.31883821631800002  -0.091144766491999998  -0.26438091678999998  0.058813510971000002  0.53382931397699995  0.31828423353000002  0.90320786761299998  0.67741628743399995  1.7065157575200001 ) BB_EVAL_OK ( 428443.96592309821 ) SURROGATE_EVAL_NOT_STARTED ( )
( -1.602291517624  1.250057573174  0.052772951322000002  -1.048517138329  -0.097599470783000006  0.20896101634  -0.159943717741  0.89555384045999997  -0.596168355185  -0.57724247095100001 ) BB_EVAL_OK ( 444898.89231169573 ) SURROGATE_EVAL_NOT_STARTED ( )
( -1.743679539528  0.0032217794909999999  -0.010686241855999999  -0.37586000321099999  0.12954284199499999  -1.5799795975490001  -0.49302390828499998  -0.20136156453000001  0.85909718518699996  -0.026586569067 ) BB_EVAL_OK ( 447368.13472494512 ) SURROGATE_EVAL_NOT_STARTED ( )
( -0.060874429766999999  -1.439418699285  -0.11286667631400001  0.86140554086499999  0.68705100346400005  0.33664347612599999  0.925030633125  1.4944482599240001  -0.667263070274  0.57453254222299999 ) BB_EVAL_OK ( 449263.01537733717 ) SURROGATE_EVAL_NOT_STARTED ( )
( -0.096809357961  -0.62302227892600004  -0.083169597821999994  1.4966724271480001  -0.16969387675100001  1.311991944424  0.58359379625300001  -0.17412942280400001  0.26260549861100002  0.53592773387600001 ) BB_EVAL_OK ( 452538.54509258422 ) SURROGATE_EVAL_NOT_STARTED ( )
( -0.38947131466200002  -1.9396681142450001  -0.14969073595099999  0.81165195059999995  0.17500502427100001  -0.68664869028599995  0.25947426236999999  -0.035575533228999999  0.081683049324000001  -0.80147527268200003 ) BB_EVAL_OK ( 459098.48698592302 ) SURROGATE_EVAL_NOT_STARTED ( )
( 0.26220510714200002  0.45518545663400001  -0.084071485712000002  -0.28138929194500001  0.112046844028  0.45961923238500002  0.36055249473700002  0.88626701684999998  0.61767569039199999  1.6319066751169999 ) BB_EVAL_OK ( 467656.27453746152 ) SURROGATE_EVAL_NOT_STARTED ( )
( 0.45848591678299999  0.142116892414  -0.060583652097999999  0.35954798351700001  -0.051760644106000002  1.085685670176  -0.26179207742499999  0.197590790796  -1.5797162252700001  1.1439600398109999 ) BB_EVAL_OK ( 468272.26650172833 ) SURROGATE_EVAL_NOT_STARTED ( )
( 0.446637254569  0.14188787794300001  -0.058711209147000003  0.36096682480800002  -0.020017446357999999  1.0693086609460001  -0.20515590293300001  0.18740238199299999  -1.6020939563979999  1.1476113784740001 ) BB_EVAL_OK ( 469546.5982477091 ) SURROGATE_EVAL_NOT_STARTED ( )
( 0.36369661906700002  -1.0263149624729999  -0.10588040464700001  0.91935666418999995  0.167979483644  1.0360938764159999  0.13807408289199999  1.0627322337709999  -1.492666451471  0.76052932683100005 ) BB_EVAL_OK ( 474338.34475362103 ) SURROGATE_EVAL_NOT_STARTED ( )
( 0.64806451221700001  0.56715650537100004  0.038846129769000003  0.68669362582899995  0.0062485723480000003  1.0237928387919999  -0.58947057999899999  0.14857165054599999  -1.453145705836  1.2385270308859999 ) BB_EVAL_OK ( 505348.59895328141 ) SURROGATE_EVAL_NOT_STARTED ( )
( 0.011402409742  -0.37011301795899998  -0.093223259153000004  -0.68092005623499996  0.31298140786799999  -0.047799428010999997  -0.066832342086999993  0.199330557317  -0.21046645509299999  2.5286817233669998 ) BB_EVAL_OK ( 531174.36071637541 ) SURROGATE_EVAL_NOT_STARTED ( )
( -1.242997736268  -1.55250374333  -0.116102359972  0.98988136291700002  -0.031379127850999999  0.28493188989500001  0.066391018470999999  0.24017476683299999  -0.38994717369999998  1.4969086820240001 ) BB_EVAL_OK ( 537263.07642336667 ) SURROGATE_EVAL_NOT_STARTED ( )
( -0.54705852211600003  -1.164193454254  -0.185698351116  0.50299250727800005  0.10974427888799999  1.0663902024980001  1.010408184753  0.91409559624600001  0.054032456064999998  0.19392364506199999 ) BB_EVAL_OK ( 552834.89710521942 ) SURROGATE_EVAL_NOT_STARTED ( )
( 1.2922427951419999  -0.98375374712600006  -0.090864700719999997  0.75239513147299997  0.27104054611400002  -0.116592703816  1.0763287666829999  1.206482066655  -0.041615833785999999  1.4814633671549999 ) BB_EVAL_OK ( 563726.40598439169 ) SURROGATE_EVAL_NOT_STARTED ( )
( 0.041734985012  -0.45545817985499998  -0.12541343711  1.027674878305  0.015235424954  0.034906397158000001  -0.26984553011399998  1.6697785994950001  -0.58500771777899996  0.15044811114100001 ) BB_EVAL_OK ( 564730.01614358835 ) SURROGATE_EVAL_NOT_STARTED ( )
( 0.38739394349599998  -0.46904196026299999  -0.14602369796799999  -0.61487090614600004  -0.038274217518000003  -0.072844174080000004  0.16575908225200001  1.8180032352860001  -1.636176515407  0.59948048683699995 ) BB_EVAL_OK ( 576511.09058744006 ) SURROGATE_EVAL_NOT_STARTED ( )
( 1.390823664767  -0.57917522637200003  -0.048207600969000002  1.0867856591489999  0.95439599612600001  1.6607455873329999  0.117580682187  1.0449301130319999  0.046604604016999999  0.73606075597599996 ) BB_EVAL_OK ( 598045.15217924339 ) SURROGATE_EVAL_NOT_STARTED ( )
( -0.93275709756000003  0.81443121863900003  0.023979621132999999  -0.94924400437800005  0.474741454274  -1.1659452871239999  0.17271934169700001  -0.84714314159100002  0.99611786315899997  0.83842608193900003 ) BB_EVAL_OK ( 602039.56472457247 ) SURROGATE_EVAL_NOT_STARTED ( )
( -0.45306514907000001  -1.4084341170679999  -0.16082056086499999  0.48748265705400001  -0.24446608122300001  0.275611477838  1.381805988595  0.59895426941200003  -0.82666523120299995  1.543733506383 ) BB_EVAL_OK ( 610397.90980326047 ) SURROGATE_EVAL_NOT_STARTED ( )
( -1.7836699157710001  -0.54133816089099995  -0.029533588775000001  -0.59681622526699996  0.40367276349800002  -0.752339133296  -1.0273936070080001  -0.62099918977699997  -1.306383341324  0.48441338378299997 ) BB_EVAL_OK ( 613970.058998883 ) SURROGATE_EVAL_NOT_STARTED ( )
( 0.66070909910300002  -1.761591136331  -0.071648271343000003  0.65004327955300001  0.89995697657499996  0.98147171547199996  0.34278690403599998  -0.090572174061000002  -0.442178421888  -0.014603196992 ) BB_EVAL_OK ( 618364.46734544169 ) SURROGATE_EVAL_NOT_STARTED ( )
( -0.50045979792899997  -0.87243933513399996  -0.068010459970000006  0.45554597809699998  0.59030862020499997  0.54814893494799999  -0.18928376345799999  0.53136210671299999  -0.19982331506199999  2.5220536859029998 ) BB_EVAL_OK ( 628063.17655714613 ) SURROGATE_EVAL_NOT_STARTED ( )
( -0.82392827638800004  -0.57390205699100005  -0.029410059135999998  0.794752631835  0.040113406289000002  1.9169317346970001  0.342925987441  0.51652379257100001  -1.3855730394370001  -0.64841172786300005 ) BB_EVAL_OK ( 635218.25558786513 ) SURROGATE_EVAL_NOT_STARTED ( )
( -1.389109464024  -0.35147749754500002  -0.14274387538200001  0.28041365747000002  -0.87545265441300002  -0.27305671287900002  0.021830161305000002  0.696605254831  -1.2714581673609999  0.723415304496 ) BB_EVAL_OK ( 636321.91878535796 ) SURROGATE_EVAL_NOT_STARTED ( )
( -0.227940566993  -1.7197291230159999  -0.20681245593  0.41564787805100001  -0.33764485755500001  -0.17734352536600001  0.71442699760299999  1.3259244100559999  -0.44746352970499997  1.3831398344329999 ) BB_EVAL_OK ( 637638.65234108479 ) SURROGATE_EVAL_NOT_STARTED ( )
( -0.58260450876000003  -1.4052136972610001  -0.19655544708600001  -0.147895557968  -0.297851064981  -0.54480625948000005  0.81257374250799996  0.97495550099399997  0.54366033971100003  1.81420404607 ) BB_EVAL_OK ( 692589.42948186584 ) SURROGATE_EVAL_NOT_STARTED ( )
( -0.39302591332600001  -1.4768625470300001  -0.220455588471  0.439670776022  0.20702468904599999  0.515173143916  0.68284624071699995  1.5799352840709999  0.298967770799  0.055238005091999998 ) BB_EVAL_OK ( 696056.39170738077 ) SURROGATE_EVAL_NOT_STARTED ( )
( 1.2531422098339999  -1.253489037637  -0.115297406092  0.96910712551800005  0.44602737187500002  1.517265086503  0.87731361325599999  0.98022307730799996  -0.073576030062000003  0.90058166741599999 ) BB_EVAL_OK ( 696086.51121427875 ) SURROGATE_EVAL_NOT_STARTED ( )
( -0.346427189139  -1.7220192677299999  -0.18808802641299999  0.429836290964  -0.020212880071999999  -0.34111361766199999  1.2807887425290001  1.224040322025  -0.67124084097699999  1.4196532210670001 ) BB_EVAL_OK ( 708989.91403204203 ) SURROGATE_EVAL_NOT_STARTED ( )
( 0.408332593932  0.36907735584099999  0.045258344702999997  1.120036118312  -1.3601837893469999  1.665739363818  0.58635903279799995  -0.44010150319699998  -0.925831281703  0.52374468644000005 ) BB_EVAL_OK ( 736412.1143734483 ) SURROGATE_EVAL_NOT_STARTED ( )
( -0.62920323294699998  -0.084542929825999993  -0.043419781748999998  1.218002353942  0.362157182001  0.98569020119999995  1.283943668104  0.94387374227099996  0.58642327896599999  -0.99130901687600004 ) BB_EVAL_OK ( 738737.01729685988 ) SURROGATE_EVAL_NOT_STARTED ( )
( -1.7131769543819999  0.078673451313000006  0.0017055414910000001  0.080191190364000006  0.033305633993000003  -0.074031393848999996  0.68448722094900005  -0.42524739879000001  2.7262451568600001  -0.60568832669600003 ) BB_EVAL_OK ( 751855.1909580467 ) SURROGATE_EVAL_NOT_STARTED ( )
( 1.3206795844570001  -1.0779377171219999  -0.083337288134000001  0.62320253724300001  1.2544970835160001  0.73845422000600003  0.113005939753  1.3984458817530001  0.346758992333  1.5353656170059999 ) BB_EVAL_OK ( 753330.2040538555 ) SURROGATE_EVAL_NOT_STARTED ( )
( -0.97796088517799995  -0.58444916080599996  -0.094817236382  0.81442220040699997  -0.74908004308700005  1.4640248376389999  0.62376513891600005  0.51259025071700004  -1.584221782383  -0.738692606571 ) BB_EVAL_OK ( 777458.50140628917 ) SURROGATE_EVAL_NOT_STARTED ( )
( -0.67739380647699998  -1.122048934413  -0.11434983074299999  0.22990253061099999  -0.243724572679  1.103323546915  1.8754263154020001  -0.159811412756  -0.065499456686000004  1.347287485809 ) BB_EVAL_OK ( 780400.93124590139 ) SURROGATE_EVAL_NOT_STARTED ( )
( 1.82613300851  -1.143775909073  -0.032867396744000001  0.68395640028100002  1.518068615275  0.218341213103  -0.18469865867099999  -1.3361174653800001  0.94396835379300004  -0.0078849419689999995 ) BB_EVAL_OK ( 867101.70565315697 ) SURROGATE_EVAL_NOT_STARTED ( )
( -1.008360423814  -0.706913235769  -0.14956118934400001  0.51532019542200003  -0.13049351528700001  1.6755055499639999  1.355435143217  0.19527585914699999  0.74643164488699998  0.080158915698999994 ) BB_EVAL_OK ( 943921.52146886464 ) SURROGATE_EVAL_NOT_STARTED ( )
( 1.8269960560089999  -1.187188157022  -0.044230398232999998  0.48716358320600001  1.4057620972989999  0.21090720321100001  0.063058831080000002  -1.393112049907  1.2162567469050001  -0.19209991495600001 ) BB_EVAL_OK ( 955573.18419382838 ) SURROGATE_EVAL_NOT_STARTED ( )
( 1.0398662899710001  -0.19408875131299999  -0.11851233088  0.35536991362699999  -1.218789938122  0.46295459357699997  0.86396855021999996  -0.20603123961299999  -0.19074907488199999  2.2728343003579998 ) BB_EVAL_OK ( 1000083.2587825831 ) SURROGATE_EVAL_NOT_STARTED ( )
( -1.1695202715040001  -0.29788526076400001  -0.11497521933099999  -1.0707206121970001  -0.43681892302600001  -0.104023510811  0.0033584515470000001  0.90320223233700003  -2.1535928761349998  1.4255919773229999 ) BB_EVAL_OK ( 1032564.7670606392 ) SURROGATE_EVAL_NOT_STARTED ( )
( 0.020085414842999999  -1.379018682246  -0.18702737398499999  0.00038816401299999998  -0.49013508008099999  0.087138332092000004  0.42557156378  0.53733681735200001  -1.307411208612  2.413974360743 ) BB_EVAL_OK ( 1124097.4788956849 ) SURROGATE_EVAL_NOT_STARTED ( )
( 0.364492543738  -0.732527200047  -0.19003082150299999  0.79397480489000005  -1.0197339027429999  0.69605943867599995  1.0884275380190001  1.145466225426  -1.14521088236  -0.89805671398999998 ) BB_EVAL_OK ( 1149625.4347505921 ) SURROGATE_EVAL_NOT_STARTED ( )
( 0.446637254569  -0.19975283792099999  -0.061485834388000003  1.3974163409560001  -0.13157421755699999  1.789014633104  0.086570032052000007  0.70187283114499999  -1.888694537133  -0.19020707415800001 ) BB_EVAL_OK ( 1151669.4874694927 ) SURROGATE_EVAL_NOT_STARTED ( )
( -2.1117839928520001  0.70291022358300004  0.0057730569460000001  -1.700288757531  -1.005723145031  0.241755321183  -0.38489443865799999  -0.45117891418400002  -0.63577838471299997  -0.0040728424830000004 ) BB_EVAL_OK ( 1166489.8875167938 ) SURROGATE_EVAL_NOT_STARTED ( )
( 0.605816311366  -0.88953110101599997  -0.034443258861999997  1.6361007357120001  1.5002220112669999  1.147866975016  -0.0041431807389999999  1.642336886993  1.127382987357  0.96616659687100004 ) BB_EVAL_OK ( 1209432.4003592243 ) SURROGATE_EVAL_NOT_STARTED ( )
( 1.729847372411  -1.2348543863300001  0.001838908655  0.88227034624699996  0.42411619746700002  -1.2119825741700001  -0.94226400191899995  -0.38906960321099998  -0.52696677024899996  1.6544431606050001 ) BB_EVAL_OK ( 1224107.1777640872 ) SURROGATE_EVAL_NOT_STARTED ( )
( 1.2813508872299999  0.66825178571300003  -0.0091127013119999996  0.75608487381300005  -1.5070570054979999  0.309744020447  0.67477080486200003  1.3704868069339999  -0.039630092126000001  1.513035348012 ) BB_EVAL_OK ( 1247393.1237457753 ) SURROGATE_EVAL_NOT_STARTED ( )
( -1.3654121395950001  -1.9238547577589999  -0.15665605530500001  0.473737558685  0.86466515563500002  0.645058118859  0.187696521246  1.618632921765  -0.91368142710400002  0.42597935785800001 ) BB_EVAL_OK ( 1291316.5364468459 ) SURROGATE_EVAL_NOT_STARTED ( )
( -1.538630719848  -1.001917414277  0.016200106193999999  0.18773185508000001  0.41666945906300001  -1.17517754067  -1.3162317449850001  -1.596586620299  -1.321102625615  -0.903063627777 ) BB_EVAL_OK ( 1292417.5961513033 ) SURROGATE_EVAL_NOT_STARTED ( )
( -0.71293979312  -1.648901548809  -0.12914468821700001  1.443978378458  -0.31585056496899999  1.1808568865160001  0.88590598921399999  -0.405401553134  0.53174601342100003  2.099333171379 ) BB_EVAL_OK ( 1343442.0240644498 ) SURROGATE_EVAL_NOT_STARTED ( )
( -0.49216573437799999  -0.086174403526000004  0.043836519933000001  1.733862314509  -1.300540537931  1.4985360039640001  0.43043127209299997  0.648284525477  -1.559507728879  -1.3987326979820001 ) BB_EVAL_OK ( 1351265.9853075226 ) SURROGATE_EVAL_NOT_STARTED ( )
( -0.41672323775499998  -1.927260788351  -0.13031585529199999  1.2064691312460001  0.73493001625300003  0.55093349343999998  1.0048199198679999  -1.7722322108170001  -0.194906687143  -0.38933253643499999 ) BB_EVAL_OK ( 1374741.5059693903 ) SURROGATE_EVAL_NOT_STARTED ( )
( 1.707741897325  -0.70237805659700003  -0.072212895489000006  1.111851662686  -1.71026481255  -0.39454154412199999  1.419507906967  1.262567771114  0.79493479553599999  0.20114053459199999 ) BB_EVAL_OK ( 1447930.8312205644 ) SURROGATE_EVAL_NOT_STARTED ( )
( 0.85463821787299998  -0.92139644615299998  -0.195502147687  -0.66928827655400003  0.022914728099000001  -0.63462250955900001  0.84656547623699996  0.738992752493  1.167637386709  2.4540077660619999 ) BB_EVAL_OK ( 1448803.7818864987 ) SURROGATE_EVAL_NOT_STARTED ( )
( 1.0635636144  -1.766466011528  -0.132424510803  0.54869381484199997  0.52132787192600005  1.381069425315  1.029834910161  0.715996427321  0.167027665375  1.9753983537199999 ) BB_EVAL_OK ( 1479691.1035988389 ) SURROGATE_EVAL_NOT_STARTED ( )
( 0.123964700781  -1.3109826562739999  -0.065055905745999995  2.2636830808399999  0.062412377020999998  1.844166379544  0.350348408276  -0.114803397901  -1.0300083796890001  -1.145985943216 ) BB_EVAL_OK ( 1543910.3082822384 ) SURROGATE_EVAL_NOT_STARTED ( )
( -1.376464877139  -0.439886145161  -0.075119882375000002  -0.052850041469999998  -0.62750610335500001  1.827059452226  1.971367150626  -0.320643285311  -0.50473961481700003  1.4270409112489999 ) BB_EVAL_OK ( 1602448.1354063859 ) SURROGATE_EVAL_NOT_STARTED ( )
( -1.2824715040929999  -0.0088344062379999994  0.026293097293000001  0.42303165202999998  0.75474123618400002  1.5061950157049999  -0.52277544805200005  0.41440972108200003  -0.509181315942  2.774769281262 ) BB_EVAL_OK ( 1609870.210238474 ) SURROGATE_EVAL_NOT_STARTED ( )
( 0.64806451221700001  -0.62568239349800003  -0.16957160365900001  0.44374712821200002  0.094330876891000004  -0.83569325487099999  -1.2231627544000001  2.2044905729319999  -0.98081006014299998  0.82153842710400005 ) BB_EVAL_OK ( 1618343.165692328 ) SURROGATE_EVAL_NOT_STARTED ( )
( 0.85028769453700004  -1.7955239521719999  -0.27419401792999998  0.46372218637099999  -1.3331192198220001  0.21854279223199999  1.6754577655839999  0.373105908456  -0.750673576269  0.048124662270999999 ) BB_EVAL_OK ( 1688238.8525250319 ) SURROGATE_EVAL_NOT_STARTED ( )
( 0.68281457419000002  -1.411030273303  -0.125607196841  0.31378727688899999  -0.22363126720000001  -0.56749283752699997  -0.30377007175100001  1.2173258230049999  -1.850862146873  2.6186547425179998 ) BB_EVAL_OK ( 1705512.7451301645 ) SURROGATE_EVAL_NOT_STARTED ( )
( 0.39924260570999998  -1.7646526404989999  -0.18035414554500001  -0.025227600249000001  -0.24614482824700001  -1.5899079488059999  0.83501665932299995  1.6029146161779999  -1.2012736461210001  2.120280659239 ) BB_EVAL_OK ( 1798131.3017702485 ) SURROGATE_EVAL_NOT_STARTED ( )
( -1.245333668107  -1.572886953599  -0.19690812059099999  -0.79366337576599999  0.072671079735000005  -1.906189135417  0.46814320256600001  0.73364799139500003  1.4715241105929999  1.7049361857930001 ) BB_EVAL_OK ( 1822526.9705243395 ) SURROGATE_EVAL_NOT_STARTED ( )
( -1.2896388034640001  -0.68847156955599997  -0.023618182360999999  -1.219525256159  0.93028315522399996  -0.92452122450100005  0.37755423515199998  -2.9863143110850001  0.69484485312599997  0.24540588240399999 ) BB_EVAL_OK ( 2255890.0843364419 ) SURROGATE_EVAL_NOT_STARTED ( )
( 1.643352138245  -2.0466350025020001  -0.21201098663000001  1.222356451954  0.43290965039399998  -0.8260575496  -0.91462566831699998  1.2689907874040001  -0.31587511926299999  1.316099606843 ) BB_EVAL_OK ( 2265623.2746102223 ) SURROGATE_EVAL_NOT_STARTED ( )
( 1.3581883204230001  -1.961050051538  -0.19264328855599999  0.403947969046  -0.61231708432900001  -0.90881382278300005  0.130738858909  0.70919215602300001  -1.6969285362190001  2.490019432475 ) BB_EVAL_OK ( 2400429.4702689126 ) SURROGATE_EVAL_NOT_STARTED ( )
( 1.918630043174  -1.8649427234189999  -0.22627317421900001  1.021342031503  -0.096466649624999998  0.46776569278500002  0.55212524152099995  1.791899479679  -1.8057342215400001  1.1608151311499999 ) BB_EVAL_OK ( 2416498.5228502629 ) SURROGATE_EVAL_NOT_STARTED ( )
( -0.27021715597700002  -0.841725875851  -0.110108848912  -1.0824779984740001  2.706140321695  -0.103631281497  -1.386097811318  1.3037713826120001  1.134485795911  0.396209979401 ) BB_EVAL_OK ( 2518552.3767506327 ) SURROGATE_EVAL_NOT_STARTED ( )
( -0.33617037626700003  -0.37675318255500001  -0.018811817365999999  0.98259994146200003  1.1424987742579999  2.2591730392859999  -0.83003312419499997  0.83107980276299998  -3.0594357232120002  -0.24061330973799999 ) BB_EVAL_OK ( 2566911.3053672551 ) SURROGATE_EVAL_NOT_STARTED ( )
( 0.19701942339100001  0.19329204208100001  -0.099736878811999996  -0.060040915817000003  -0.43571513651799998  1.2063318823139999  -0.10875405882899999  1.036534194768  -2.3432117048490002  2.9148792973909998 ) BB_EVAL_OK ( 2716127.311762963 ) SURROGATE_EVAL_NOT_STARTED ( )
( -0.156052669034  -0.58972549614600001  -0.13458286680699999  1.002142130807  -0.72091897252100001  2.9733247714869999  0.75217458886999999  -1.323532653622  0.095352364563999994  0.57397797424999997 ) BB_EVAL_OK ( 2728347.9644164653 ) SURROGATE_EVAL_NOT_STARTED ( )
( -1.4651509725459999  -0.107091458454  -0.090233556076999996  1.186732417637  0.106001390265  0.037901274237000002  -0.42727102294699998  1.039574464342  1.7858866145000001  -2.1074350878689998 ) BB_EVAL_OK ( 2791259.8595047551 ) SURROGATE_EVAL_NOT_STARTED ( )
( -0.68844654402000005  -2.3244407036650001  -0.28356982825999999  0.26466571822899998  -0.92397866340400003  -0.88867638949200001  1.640883281622  0.406042669184  1.5739543487879999  1.936312472547 ) BB_EVAL_OK ( 2979620.7791760904 ) SURROGATE_EVAL_NOT_STARTED ( )
( -0.129596670611  0.78643625805399997  0.055368463524000003  0.66146159515000003  -1.2207106156580001  2.8606186294730001  0.66841680246599999  -1.8682345814729999  -1.0974607303099999  1.604772760625 ) BB_EVAL_OK ( 3003424.8435583296 ) SURROGATE_EVAL_NOT_STARTED ( )
( 0.27322945655199998  -0.83672243034299998  -0.001061951169  2.4002651545460001  -0.472605067717  2.1099340525980002  0.29059466025699998  0.58116295128899997  -2.0806269396150001  -1.9117235602710001 ) BB_EVAL_OK ( 3164318.3438355802 ) SURROGATE_EVAL_NOT_STARTED ( )
( 0.36528846840899998  -1.8848853943399999  -0.26522626504300001  -0.108173791204  -1.4806389637199999  -1.1435505788139999  1.637688483264  0.67525556387399999  1.1071816421780001  3.177271982633 ) BB_EVAL_OK ( 4281123.68197517 ) SURROGATE_EVAL_NOT_STARTED ( )
( 1.0198136626950001  0.078280896628000002  -0.016594134140000001  0.19281565609500001  1.589312815058  1.1135501398300001  -0.27489191839400001  -1.877326285209  -0.821851250127  2.8796742701709999 ) BB_EVAL_OK ( 4374963.2052559378 ) SURROGATE_EVAL_NOT_STARTED ( )
( -0.121302607061  -0.94485604670900003  -0.095525339139999998  -0.17076407146  0.076238125345999996  -0.68585248070899996  -0.045558166922000001  1.107646664612  0.50848905734500005  4.5585858735090001 ) BB_EVAL_OK ( 4439494.4293069048 ) SURROGATE_EVAL_NOT_STARTED ( )
( -2.3079978391260001  0.59732561296300002  0.12276334794  0.14553625255800001  -0.89284412610800001  1.7814691408579999  -1.49981873957  -0.48816528923399999  0.29981964861900001  2.0216100547870002 ) BB_EVAL_OK ( 4737317.1514192959 ) SURROGATE_EVAL_NOT_STARTED ( )
( -0.001224135572  -2.2580119371620002  -0.256095312613  1.602124907451  -0.16744460532300001  1.4340724616839999  0.19769357256699999  0.46359968251700001  2.4659827685939999  2.207006262098 ) BB_EVAL_OK ( 4744889.2170986906 ) SURROGATE_EVAL_NOT_STARTED ( )
( 1.0730245026009999  -0.63042366639199998  -0.118070546613  -1.062905012214  0.42306221209299999  -0.38809857182899998  -0.93339721187299995  0.22125870443699999  -2.6151124480960002  3.9118562614519998 ) BB_EVAL_OK ( 4976166.7377548935 ) SURROGATE_EVAL_NOT_STARTED ( )
( 1.4419248805960001  -0.92065809214000005  -0.239187356233  -1.6692450216200001  -0.88525214390700002  -2.008019561072  0.59813064195599996  1.6289189016259999  -0.63063024197799999  3.1762865907169999 ) BB_EVAL_OK ( 5224030.3585291393 ) SURROGATE_EVAL_NOT_STARTED ( )
( -2.5036796368690002  -0.86029528946599998  0.019324366700000001  -0.90293861782899998  0.19516042394300001  -2.2521168008300001  -1.9275042710000001  -0.55797728677400005  -2.692629366812  -0.27769167610500001 ) BB_EVAL_OK ( 5352890.6695019072 ) SURROGATE_EVAL_NOT_STARTED ( )
( -0.227940566993  -1.116678780083  -0.263174999194  -0.831606824094  -1.4981773796510001  -2.8249571953729999  0.353184474942  1.132606973785  -0.110487503706  3.1761411230599998 ) BB_EVAL_OK ( 5396992.4934606059 ) SURROGATE_EVAL_NOT_STARTED ( )
( 1.193898898761  -1.566274715864  -0.043955554048999999  -0.99372584476600001  1.4126697898180001  1.7616147503590001  0.97918766951000002  0.51203359936500004  -0.157709653581  0.77818708241500001 ) BB_EVAL_OK ( 5492026.7854187265 ) SURROGATE_EVAL_NOT_STARTED ( )
( 2.4940680436829998  -1.735537891191  -0.18153469531999999  0.12686606295200001  -0.35889071001  -0.89865492999200003  -0.50707146194099995  0.86370500533700001  -3.4211125136890002  2.4771207106330002 ) BB_EVAL_OK ( 5561440.1020891685 ) SURROGATE_EVAL_NOT_STARTED ( )
( -0.081434485215000005  0.84435585886800002  0.020293558638  -2.3090763460630002  0.013415809654999999  -1.136352570149  -0.77816233477700003  -1.827687754384  0.056899252743999998  3.8706144618940002 ) BB_EVAL_OK ( 6016198.1178818531 ) SURROGATE_EVAL_NOT_STARTED ( )
( -2.73156289294  0.21832038601699999  -0.032510957197  0.50404202388999997  -0.510976069458  1.7624953330940001  0.22394910799600001  2.8315535550050002  -2.2936628289900001  -1.49170052791 ) BB_EVAL_OK ( 6117385.3400882743 ) SURROGATE_EVAL_NOT_STARTED ( )
( 1.4790627165829999  1.3336533977209999  -0.032266394164999997  1.4498601943930001  -2.7602150755219999  2.445982824828  1.1236705619439999  -0.493876631949  0.42384963125300001  0.83711582614799995 ) BB_EVAL_OK ( 6125631.7795240749 ) SURROGATE_EVAL_NOT_STARTED ( )
( 1.576610688293  -0.99076548388600005  -0.035320070803000002  0.42675633144800001  -0.992529390304  -2.9126601273329999  -0.0043676378130000004  2.8843231843249999  0.20313267142899999  0.36599092557700003 ) BB_EVAL_OK ( 6327077.7912758868 ) SURROGATE_EVAL_NOT_STARTED ( )
( 1.587274484286  -0.99055937086199997  -0.037005269458999998  0.42547937428600002  -1.021098268277  -2.8979208190270001  -0.055340194856000002  2.8934927522480001  0.223272629444  0.36270472077999999 ) BB_EVAL_OK ( 6337361.7747871242 ) SURROGATE_EVAL_NOT_STARTED ( )
( 0.18676261051900001  -0.173166477087  0.16778216585399999  1.9474033964170001  3.108372339023  1.7331712097209999  -1.905865360448  0.46690657926700002  0.43168397210499998  2.1007312479400002 ) BB_EVAL_OK ( 6529511.5101912897 ) SURROGATE_EVAL_NOT_STARTED ( )
( -1.0867897063500001  -1.786910909301  0.027059266198999999  3.496509479053  -0.499620053703  -1.4632318357759999  0.285329234012  -0.61978064971500002  1.1121463552619999  -0.73157249577500005 ) BB_EVAL_OK ( 6529577.4336511642 ) SURROGATE_EVAL_NOT_STARTED ( )
( 0.77839979657799996  -2.1502865987519999  -0.173680917105  -0.050843364510000003  -0.0021545764130000001  -3.266954229705  1.2444617548670001  2.6684924150040001  -1.095136083631  1.8265869577339999 ) BB_EVAL_OK ( 7202093.5358911771 ) SURROGATE_EVAL_NOT_STARTED ( )
( 1.4885236047829999  -0.78149118304599996  -0.118028891761  1.770577906325  -1.0397348805019999  3.2896059580979999  1.119048045627  -0.45426602883900002  -2.57744539215  0.98932244769599997 ) BB_EVAL_OK ( 7212936.5892264899 ) SURROGATE_EVAL_NOT_STARTED ( )
( 2.4830153061389999  -1.0392313822220001  -0.175410923961  0.90146541405299996  -1.796463425105  -0.028511605815  0.56739094454899996  1.165924820896  -2.3125080203559998  3.68508307937 ) BB_EVAL_OK ( 8204890.5555617101 ) SURROGATE_EVAL_NOT_STARTED ( )
( 0.17491394830400001  -0.53483786692099999  -0.23973454484599999  -0.43506791028300001  -1.143911255408  1.252226499993  -0.39990841799600002  -0.94344460892100002  0.37838637092499999  4.314388051251 ) BB_EVAL_OK ( 8296872.6306633977 ) SURROGATE_EVAL_NOT_STARTED ( )
( 2.374785496865  -1.798852514425  -0.15193435974  0.92280555607000003  0.44722457087  0.59966907266900005  -0.97875132334899995  0.71617756707900004  -4.4568447093910004  2.4251454717379999 ) BB_EVAL_OK ( 8357580.5551774744 ) SURROGATE_EVAL_NOT_STARTED ( )
( -0.204243242563  -0.325120254203  -0.099207796793  -1.937331828631  1.050363611533  -0.71828855112500001  -0.77367823428899996  -2.0964674656260001  0.105599665393  4.3703415461480004 ) BB_EVAL_OK ( 8394863.925994372 ) SURROGATE_EVAL_NOT_STARTED ( )
( 0.70604206181399998  -0.29008377690499998  -0.175704643681  0.26226238653700001  -1.9260624480099999  1.955824461385  -0.35267348897900003  -1.2997331391019999  -0.74733538115800002  3.9211820440189999 ) BB_EVAL_OK ( 8406813.95012022 ) SURROGATE_EVAL_NOT_STARTED ( )
( 0.16147343674699999  -2.321145631521  -0.27650536174700002  -0.73831614438399995  -0.13554450182399999  -1.853347479752  -0.16240767968  1.399726677569  -1.5292486070989999  4.2300660086219999 ) BB_EVAL_OK ( 8422205.0113671664 ) SURROGATE_EVAL_NOT_STARTED ( )
( -0.059671521973999997  -1.1828484129779999  -0.203615829956  -0.64154735016300002  -1.9787778921200001  -1.7984490585640001  2.0249627833170001  0.147842751957  2.965195183953  3.2884446620840002 ) BB_EVAL_OK ( 8570001.1304659005 ) SURROGATE_EVAL_NOT_STARTED ( )
( -1.2869881012790001  -0.60118909496999995  0.0050478727339999998  2.6857120671320001  -0.27496497435799999  3.2258880699620001  1.298679094405  0.59859479686899997  -2.2619853780870001  -2.407023471699 ) BB_EVAL_OK ( 8694657.7022252362 ) SURROGATE_EVAL_NOT_STARTED ( )
( -0.41721278876000001  1.807643114847  0.079395447536999994  -0.115200664701  -1.6457945783079999  3.5961383137179999  0.97659150083799995  -1.773945825819  -1.1810140425540001  2.7702803815910002 ) BB_EVAL_OK ( 9122187.4786393046 ) SURROGATE_EVAL_NOT_STARTED ( )
( 2.1741541638880002  0.053032808613999997  -0.068964134346000003  -0.57212339398000001  -0.95230390449199998  -0.78154249428300004  -0.89420456833100004  0.70494255040300002  -3.2748859374579999  4.4845413189260004 ) BB_EVAL_OK ( 10268794.207276868 ) SURROGATE_EVAL_NOT_STARTED ( )
( 1.261011248692  -1.332385969857  -0.19140186267100001  0.25860111940500002  0.62444345217399999  0.40805617238899999  -1.323401912777  1.0458526859990001  -4.6851928659339999  3.2144556468959999 ) BB_EVAL_OK ( 10370246.951369202 ) SURROGATE_EVAL_NOT_STARTED ( )
( -2.4878513512980001  -0.43731386806799999  -0.21104858758799999  -0.99849495386200005  -0.96268804436099997  -1.016671737946  1.590558100367  1.2318632963189999  3.2683706121260001  3.3816824237979999 ) BB_EVAL_OK ( 10832164.099256063 ) SURROGATE_EVAL_NOT_STARTED ( )
( 1.5941902821359999  -2.4084639878199998  -0.20688273468400001  -0.71476555983900003  -1.3542468587580001  -3.1912729479630002  0.450843067895  -0.046009583421999997  -0.061185891136000002  4.3580410381980004 ) BB_EVAL_OK ( 13478988.991920266 ) SURROGATE_EVAL_NOT_STARTED ( )
( 0.51477710960099998  -2.3780360271230001  -0.26430416422699998  -0.13396761107399999  -2.568546176416  -2.1139498203559999  2.3490533227819999  -0.21414507614  2.3025326839479998  3.8590217246080001 ) BB_EVAL_OK ( 15500011.053312136 ) SURROGATE_EVAL_NOT_STARTED ( )
( -0.19513703006499999  -3.1193448654439999  -0.15573792388900001  3.1240632978930001  0.48653754302399999  -0.851375371258  0.89147077616399995  3.8355582000970001  -0.99691795504199998  -2.705475461876 ) BB_EVAL_OK ( 15912675.764090741 ) SURROGATE_EVAL_NOT_STARTED ( )
( -2.2750109503260001  2.1627478574739998  0.092583210043000005  -1.445931562643  -2.6162961015450001  -0.419147140232  0.27711819358899997  3.7816456283400002  -1.9612600124770001  0.48551441917999999 ) BB_EVAL_OK ( 16514838.687627291 ) SURROGATE_EVAL_NOT_STARTED ( )
( 1.9000430836090001  -1.0614341919650001  -0.156400516254  -0.13881640571699999  0.17425830284900001  -0.224013063254  -1.6681567499159999  0.79964092753899996  -5.3706500613039996  4.0391633703840002 ) BB_EVAL_OK ( 16700316.022686532 ) SURROGATE_EVAL_NOT_STARTED ( )
( -2.106717241723  -1.3636060530259999  -0.013108347923  1.991618928149  -2.772110714234  -1.4273744366559999  -1.570869615758  -4.3175490016350002  0.68317397009299996  -0.72382359852800005 ) BB_EVAL_OK ( 17119588.647006802 ) SURROGATE_EVAL_NOT_STARTED ( )
( 4.9529217084199999  -2.1435873287459999  -0.048714358077000003  1.1491589549150001  1.4337934204559999  -1.32006011525  0.57079044801599998  9.5559206000000001e-05  1.119603651135  3.5178279701099999 ) BB_EVAL_OK ( 17893609.789590891 ) SURROGATE_EVAL_NOT_STARTED ( )
( 0.81629550018399999  -1.062193303932  -0.32360642165100001  -2.937895236258  -0.22746742519900001  -2.5298434673369998  2.5240700772209999  2.1278710741590001  2.1262265161860001  3.2866132346239998 ) BB_EVAL_OK ( 18059678.63724158 ) SURROGATE_EVAL_NOT_STARTED ( )
( -0.35629496078  0.43608093708899998  -0.084830806876000003  -3.2863459674379998  0.68341008593999997  -2.2357802602839998  -1.210885330392  -1.5808032396830001  0.265391318233  5.3431345186239998 ) BB_EVAL_OK ( 19406438.5865467 ) SURROGATE_EVAL_NOT_STARTED ( )
( -2.5886574400439999  -1.0388434982870001  -0.057619615915999997  2.1553098683680001  1.2624212487290001  3.026398580016  -0.76399808466600005  -1.934308666123  -2.5778742225569999  -3.0183468653659999 ) BB_EVAL_OK ( 19494351.581171874 ) SURROGATE_EVAL_NOT_STARTED ( )
( 0.52380028759599995  -2.280840376889  -0.039108687587999999  3.6666632905590002  -1.069348801494  0.95536714068700002  -0.119196094995  -4.9358975696230001  0.88281872729999999  -2.5533752482019998 ) BB_EVAL_OK ( 22292172.749127686 ) SURROGATE_EVAL_NOT_STARTED ( )
( 2.474677669888  -1.911179853098  0.0098177000610000006  3.372347841182  -0.424550835249  0.22227383011599999  -0.62518809461699998  3.1213629158580001  2.5634304625189999  1.1709520964439999 ) BB_EVAL_OK ( 23141897.066977713 ) SURROGATE_EVAL_NOT_STARTED ( )
( 1.5771860707980001  -2.4125981193650001  -0.18394749513799999  -1.050030291386  0.36318508871999999  -4.5385159381670004  0.34481887613599999  2.942716655745  -2.3194667935759998  3.4853096471399998 ) BB_EVAL_OK ( 23257201.177284256 ) SURROGATE_EVAL_NOT_STARTED ( )
( -2.2829195371819999  0.45257260243000003  0.016719203671999999  -0.74062113845900002  1.7397066009590001  -0.0085571665270000007  0.78685512107300004  1.5230672048439999  3.986082012027  5.1051389778829996 ) BB_EVAL_OK ( 23924280.320902362 ) SURROGATE_EVAL_NOT_STARTED ( )
( 2.6961345511269998  -1.7744101634130001  -0.17598070019600001  -0.79469587584300005  -0.835019760231  -3.2912228152180001  -0.77969223475600002  1.85052134565  -2.4681536240690001  5.0969782066980001 ) BB_EVAL_OK ( 24298064.936079718 ) SURROGATE_EVAL_NOT_STARTED ( )
( 3.4702292979120002  -2.1020531008200001  -0.214298309396  -0.50218616833100005  -1.899307915129  -2.7985344892890001  -0.51197184142700003  1.2953372314880001  -5.1122351085010003  3.1002645562229998 ) BB_EVAL_OK ( 27726486.202115335 ) SURROGATE_EVAL_NOT_STARTED ( )
( 2.626080790554  -0.15821181043099999  -0.11337382472099999  0.50374375434999996  -2.280933155214  -3.2992651437779998  3.01566725611  2.5848414908650001  3.5602918678019999  -1.607407453315 ) BB_EVAL_OK ( 29533043.813237809 ) SURROGATE_EVAL_NOT_STARTED ( )
( 4.3895121021410004  -1.568735419357  -0.081316565617  -0.171201623882  -0.094957517665999996  -0.67400618160799997  -1.289592770669  1.3283779347669999  -5.3811418280960002  4.2663570856490001 ) BB_EVAL_OK ( 30392633.313708562 ) SURROGATE_EVAL_NOT_STARTED ( )
( 3.0858555702079999  -1.907551510996  -0.12985965863599999  0.71178613558899995  -0.68273335613800001  -1.487203828658  -1.774887567972  0.92786047221500001  -5.7051235960230002  4.5033211067190004 ) BB_EVAL_OK ( 30994474.126036268 ) SURROGATE_EVAL_NOT_STARTED ( )
( 3.2430666075649999  -0.54034160254300001  -0.12629359459200001  -0.194553308102  -0.19422168811599999  -0.26232300747499998  -1.8808140529620001  2.7285190504819998  -7.1273597827910002  3.5200420803160002 ) BB_EVAL_OK ( 39689277.207005136 ) SURROGATE_EVAL_NOT_STARTED ( )
( -1.0191616997620001  1.6988506333210001  0.054641840038000003  -2.4910397212249999  -1.1785410665889999  0.57311859531099996  -0.51069850138899997  -4.6839306268109997  -0.46368595267399998  6.2463558445210001 ) BB_EVAL_OK ( 40130850.036032028 ) SURROGATE_EVAL_NOT_STARTED ( )
( 4.995780447215  -0.79225642725099998  -0.063975350350000001  0.63247935770300001  -0.91669448302300005  -1.040628976229  -1.7787604641479999  1.6348221947079999  -6.5159584196739999  3.4392158797830001 ) BB_EVAL_OK ( 44103445.300201491 ) SURROGATE_EVAL_NOT_STARTED ( )
( 0.47971775342900003  3.546523835855  0.117079625099  0.76373789544899995  -4.5760934596720002  4.2521847520299998  2.5185843132630001  1.136357074884  -4.7065344036210002  -1.3570679239779999 ) BB_EVAL_OK ( 51443787.064536698 ) SURROGATE_EVAL_NOT_STARTED ( )
( -1.087748685744  1.0399183370730001  -0.195703245394  -5.6549989905459999  0.84307387077600004  -2.1701472931130001  -0.85412560970499996  3.8065196689379999  2.2812818754420001  3.2557593031979999 ) BB_EVAL_OK ( 52125703.712241128 ) SURROGATE_EVAL_NOT_STARTED ( )
( 4.1917202159639997  -0.018566921989  -0.01653309851  0.72152345439200005  -1.3039166572080001  2.2266414958110001  -2.5612768780959998  -0.47945792939600002  -6.6498583885029996  3.9184567956719998 ) BB_EVAL_OK ( 53344362.699745454 ) SURROGATE_EVAL_NOT_STARTED ( )
( -4.5175194583779996  -3.2025709977829999  0.055707167208000001  0.69434309119399995  1.6611602378999999  -2.8230769662689998  -2.6763436187999998  -4.7099697424590001  -1.4857576095630001  -2.499618325633 ) BB_EVAL_OK ( 53449779.507567234 ) SURROGATE_EVAL_NOT_STARTED ( )
( 3.584514630513  -1.226322060797  -0.085269445493000001  -1.1528768614410001  0.54480226060199999  -1.582708273156  -2.9583332829560001  0.76861907088199999  -7.7469325382849998  4.1908014786159997 ) BB_EVAL_OK ( 56054403.809388794 ) SURROGATE_EVAL_NOT_STARTED ( )
( -0.73715223994800005  0.68229643675100005  -0.26832505552399999  -3.2694238441980001  2.8018058181950001  1.0679688173220001  -2.5750491167930001  2.7409072312070002  -5.3248983737950004  -1.1997529817949999 ) BB_EVAL_OK ( 56921871.703681231 ) SURROGATE_EVAL_NOT_STARTED ( )
( 4.3146710475459997  -2.754989509494  -0.14683971119799999  0.300487981184  -0.057172335114000002  -1.436245902312  -1.863587644946  1.9318753803040001  -7.4729812594359997  3.4886414159210002 ) BB_EVAL_OK ( 57534589.050717384 ) SURROGATE_EVAL_NOT_STARTED ( )
( 2.671551269739  -3.131848837698  -0.11152849429599999  -0.986293677393  0.60912342129899999  -4.9711273362100004  -0.52920505272399998  3.7425872571390002  -4.6178243648909998  3.974814040079 ) BB_EVAL_OK ( 59956818.143127769 ) SURROGATE_EVAL_NOT_STARTED ( )
( -1.6894341911869999  0.12424653406400001  0.075776599235000006  1.8734669203979999  -4.77890154442  2.9959172620180001  -0.64021503486999998  -3.5655725259420001  -4.923472452595  -2.7450183383310001 ) BB_EVAL_OK ( 63192447.103559911 ) SURROGATE_EVAL_NOT_STARTED ( )
( -3.1472960726579999  1.335247487298  0.062840983449999999  -0.38541945379499998  -1.2672285221749999  0.83332910075300004  3.4349740482170001  -2.38154608379  8.7635430016780003  -0.74075703952799998 ) BB_EVAL_OK ( 64168541.024179019 ) SURROGATE_EVAL_NOT_STARTED ( )
( -2.4696882088300001  -1.3534917501449999  0.0050137371910000004  4.4745156445380001  -0.91909670499399998  5.5757010067410002  1.4231188304  1.526145793263  -2.9151925177370002  -4.2740416280710001 ) BB_EVAL_OK ( 64230397.729102395 ) SURROGATE_EVAL_NOT_STARTED ( )
( -0.042301040935999998  0.93807453792100004  -0.14773290087300001  -4.5857115393359997  0.77987751472099998  -2.7388511720480002  -1.2082990924000001  -1.6752192427549999  0.87874923080699996  7.5153046087439996 ) BB_EVAL_OK ( 65797009.983937979 ) SURROGATE_EVAL_NOT_STARTED ( )
( -0.93228794858700004  2.3412543128540002  0.15383197189100001  0.84380574622299998  -1.9826922271859999  6.540188956543  1.1541389171280001  -5.3763929396319998  -1.896543524868  2.298044057077 ) BB_EVAL_OK ( 66455382.166004017 ) SURROGATE_EVAL_NOT_STARTED ( )
( 3.8518886503349998  -1.5606249626069999  -0.096330859136999999  0.49219128495699999  0.17360341777900001  0.082646975457000005  -2.6501093882650002  1.0180107783879999  -9.2079335873629997  2.583156629951 ) BB_EVAL_OK ( 67033201.874422088 ) SURROGATE_EVAL_NOT_STARTED ( )
( 4.936423421622  -2.5612738249609999  -0.066458532823000002  0.36847225295800001  -0.87339064796200006  -2.514272794919  -1.8871570259379999  2.3439467974679999  -7.2235968636830004  3.185607996875 ) BB_EVAL_OK ( 67574602.118954971 ) SURROGATE_EVAL_NOT_STARTED ( )
( -0.41802841033100002  -0.31369785401299999  0.175587112336  0.75972136630099996  0.062717722476000007  2.4026575487800002  -1.6078850424919999  -1.262505804603  -0.13025323677799999  -1.2188474729030001 ) BB_EVAL_OK ( 67668100.678263351 ) SURROGATE_EVAL_NOT_STARTED ( )
( 4.5533518528709997  -0.001597828802  -0.0020221610220000001  0.87792776433399999  -1.0292997433269999  2.202700781111  -3.115921961457  -0.66116901249500004  -7.8651531272690001  2.6069627328410001 ) BB_EVAL_OK ( 67683655.024762571 ) SURROGATE_EVAL_NOT_STARTED ( )
( -0.77736275562299995  0.18048219828100001  0.049556417057999999  0.96837279903700002  1.866305153291  -0.14028746924900001  -0.68732347523799997  1.129418760691  0.315695577743  -1.4043589658210001 ) BB_EVAL_OK ( 68873440.284461692 ) SURROGATE_EVAL_NOT_STARTED ( )
( 0.34316825855799998  -2.945109571268  -0.54722734215199997  -1.7261999861499999  -5.263341525275  -1.5691366927020001  4.4755609407190002  0.28479583927399998  -1.7309080214000001  -0.026713877313000001 ) BB_EVAL_OK ( 69464685.609683722 ) SURROGATE_EVAL_NOT_STARTED ( )
( -0.92734899640500001  1.1826000585850001  0.085288020751000004  0.72843732692499996  -0.57870427795299995  0.92500753461100005  -0.36305356784199999  -0.90135683658900001  -1.9623929720340001  -2.4974895510459998 ) BB_EVAL_OK ( 70719900.785664737 ) SURROGATE_EVAL_NOT_STARTED ( )
( -1.241649603301  -0.461363550086  -0.15577403106900001  1.630364777469  -1.1514490390309999  0.41945357071099998  0.863905444543  2.9498519286399998  0.406962874975  0.48453782931 ) BB_EVAL_OK ( 71033189.045845091 ) SURROGATE_EVAL_NOT_STARTED ( )
( -0.051438962631  -1.296923716504  0.063057234000999995  1.197275954834  -0.822834415707  0.88926913793899998  1.1851600051610001  -1.4639852198600001  -0.52740111273599999  -0.223077940187 ) BB_EVAL_OK ( 71215591.390701458 ) SURROGATE_EVAL_NOT_STARTED ( )
( -1.266164131205  0.127357415226  0.121651740109  0.90262806233600001  -0.90470398275700004  0.028958944588  -0.263419240178  -0.51201126297699995  -0.73153181552400004  -1.1270707898679999 ) BB_EVAL_OK ( 71637999.163356915 ) SURROGATE_EVAL_NOT_STARTED ( )
( 4.0734207373969999  -1.0358550655480001  0.018525131507000001  0.99587545159599999  1.1502500985040001  0.90134836045699995  -3.1690423005709998  1.590107605631  -8.6742330557250007  3.3120244490039998 ) BB_EVAL_OK ( 71835296.007398516 ) SURROGATE_EVAL_NOT_STARTED ( )
( 0.843455235656  -0.47287423580100002  0.12180244214700001  0.95202601966  0.17108830826400001  1.4589151148699999  1.5021879916400001  0.23126428563900001  0.26546991680499998  0.20597710724000001 ) BB_EVAL_OK ( 72266474.368639827 ) SURROGATE_EVAL_NOT_STARTED ( )
( -1.2539356875709999  -0.79948324336499998  -0.071720172117999997  -0.55776367253000003  -1.227995808425  0.070691516915000002  -0.37968799759100003  1.1945725515529999  -0.84466709504299997  -2.2471277229269999 ) BB_EVAL_OK ( 72600095.727934629 ) SURROGATE_EVAL_NOT_STARTED ( )
( -0.57332299896200001  -0.48606748399600003  0.033985869102999999  0.22447560112000001  0.87556475263900002  -0.32282247539699999  0.292610637354  0.783996748686  0.19094517823099999  -0.46704556372 ) BB_EVAL_OK ( 72702103.520102337 ) SURROGATE_EVAL_NOT_STARTED ( )
( 3.3733041756189999  -1.207302653395  -0.088542068712000002  1.0138642003630001  -0.27995518614100001  -0.352555139297  -2.920355872624  1.0756969205569999  -9.2769299510229999  2.7381928690190001 ) BB_EVAL_OK ( 72802009.370246261 ) SURROGATE_EVAL_NOT_STARTED ( )
( 5.091295077152  -0.378451080898  -0.040379136720999999  -0.21815231507899999  0.499461058618  0.44528202758000002  -2.6000399031520001  1.438315971869  -9.0143730228910002  2.02424664105 ) BB_EVAL_OK ( 73282853.243268803 ) SURROGATE_EVAL_NOT_STARTED ( )
( 3.2959823491589999  -2.0210859981940001  -0.18570356612399999  0.34722543469099998  1.2016635401889999  0.63203305534300003  -2.7341474611500001  1.1756950539890001  -9.1937511427579999  2.7477580496030001 ) BB_EVAL_OK ( 73604754.272870138 ) SURROGATE_EVAL_NOT_STARTED ( )
( 0.079760761801000002  -1.1523940056949999  0.040590594911999997  0.84032361046500004  2.1817540397770001  0.33308329965099998  0.14006656893  -0.68568760734699996  0.50432638084100001  -1.4871607984299999 ) BB_EVAL_OK ( 73611374.693570584 ) SURROGATE_EVAL_NOT_STARTED ( )
( -0.074970178915999997  -1.198289885706  -0.082761508498  0.60959414086599994  -1.371352370973  -0.32071646625299999  1.0588084966710001  1.1107184845460001  -0.70321843531499995  -2.546968622704 ) BB_EVAL_OK ( 73689221.01684387 ) SURROGATE_EVAL_NOT_STARTED ( )
( -0.29192791154199998  -1.453171521112  -0.235889551802  2.4135904517169999  -0.67474338968699998  -0.44724034325799999  1.054988492084  1.1680844030799999  0.73689225389699997  -0.25111772598600002 ) BB_EVAL_OK ( 73722082.94004117 ) SURROGATE_EVAL_NOT_STARTED ( )
( -0.60337750399800005  1.085254267566  0.064693522434999998  0.72648351819799994  2.0099122445119999  -0.88919858932700002  0.61354144659400001  1.650688840063  -0.41979029318299999  -2.9305685004669999 ) BB_EVAL_OK ( 73751231.343474269 ) SURROGATE_EVAL_NOT_STARTED ( )
( 4.6060293111000004  -2.4606274497339999  -0.088359963575000006  1.134441304743  0.58178782129499995  -0.50273198793200002  -2.9823543295960002  -0.41157021450300002  -8.8331678653289991  2.2565090283020002 ) BB_EVAL_OK ( 73824239.357507795 ) SURROGATE_EVAL_NOT_STARTED ( )
( 0.33701728992000002  0.99520770778599998  0.108069457528  -0.026418924858000001  -1.064098010893  -0.49646018700200001  0.23795458329300001  -0.68002892499599998  -0.97154768557500004  -1.6746615067170001 ) BB_EVAL_OK ( 73978739.564453319 ) SURROGATE_EVAL_NOT_STARTED ( )
( 0.714107281451  -0.59874665014299999  -0.31131314097899998  1.4017784102269999  -0.61561701347099995  -0.23332478967199999  0.34338008633599998  2.0185555616420001  1.2986436234409999  -0.22800880035400001 ) BB_EVAL_OK ( 74201143.091097236 ) SURROGATE_EVAL_NOT_STARTED ( )
( -0.49914883307399999  0.49630882280700001  0.30198196044300002  0.65192653665900002  -0.18593638755700001  1.072763406363  -0.73923521094900002  -0.079013823385000001  0.32081533878399998  0.11364868283600001 ) BB_EVAL_OK ( 74320790.83720094 ) SURROGATE_EVAL_NOT_STARTED ( )
( 0.036630572121000002  -0.97905082503800001  -0.050933354000999999  0.97299391420699999  -0.57961850955299998  -0.27203999522599998  1.487927702748  1.5782746868340001  0.75791597979600001  0.50997394314199995 ) BB_EVAL_OK ( 74381350.419668823 ) SURROGATE_EVAL_NOT_STARTED ( )
( 0.89497420562499996  1.0079551785550001  0.097222891919999999  -0.058623799466999998  -0.71517232378100004  1.002888221321  -0.85653727115699996  -0.35344677708799999  0.32945842240099998  -0.29631418824 ) BB_EVAL_OK ( 74487579.99219878 ) SURROGATE_EVAL_NOT_STARTED ( )
( -0.15513626082099999  -0.41558251199500001  -0.050076800732999999  0.56472113712000005  -0.24336731575600001  -0.92378696190700005  1.2774753365760001  0.956769658844  -0.58352173167999999  -3.0762441653870001 ) BB_EVAL_OK ( 74595639.69143346 ) SURROGATE_EVAL_NOT_STARTED ( )
( 0.63878194073600003  -0.52646382372199996  -0.036200778098  0.84700849742700002  -0.38922352807499999  0.47977690562500003  -0.437208713182  1.828213151505  0.50292557260100001  -0.11380749070399999 ) BB_EVAL_OK ( 74632979.059794083 ) SURROGATE_EVAL_NOT_STARTED ( )
( 0.57282283597399997  -1.2932421237780001  0.22475483573400001  0.31403948844200003  -0.57688225509199997  1.131118553117  0.064373907327999996  0.10138412470200001  0.52421711227500001  1.5121446084820001 ) BB_EVAL_OK ( 74637921.84253484 ) SURROGATE_EVAL_NOT_STARTED ( )
( 1.2233222536270001  0.827741165153  0.35367742087800003  0.25983129704500002  0.31667175172500001  1.158616331273  -0.070510220666000004  0.097543035570999997  0.48691645528799998  0.28086971708699998 ) BB_EVAL_OK ( 74681518.12595962 ) SURROGATE_EVAL_NOT_STARTED ( )
( -1.0022754895849999  -2.3022042316109999  -0.000141488549  0.26246098496300002  -0.78044458011700002  0.012845553436000001  1.225883630023  0.82383163831700001  -0.33592755772499999  -0.46315957051599999 ) BB_EVAL_OK ( 74746902.485483423 ) SURROGATE_EVAL_NOT_STARTED ( )
( -0.56110736973599995  0.25524105832100002  -0.012427841304999999  0.29155956259100002  -0.093200974197000006  0.64266980649100003  -0.45331405178200002  0.20951439821500001  0.31124350458799999  1.102994022816 ) BB_EVAL_OK ( 74748104.596557736 ) SURROGATE_EVAL_NOT_STARTED ( )
( -0.55952151954600005  -0.79032113977100005  0.058269290655  1.5125400307570001  -0.51167294058099999  -0.12957279312799999  0.61936365435700003  0.185988113127  0.22018041232800001  -1.050730055237 ) BB_EVAL_OK ( 75019652.274558902 ) SURROGATE_EVAL_NOT_STARTED ( )
( -1.8395377478870001  1.157355251384  0.169069209443  -0.37231442245700003  -0.89647209150899998  0.60566832562799999  0.57631445386299995  0.29478090672200002  -0.66116827626600005  -2.1921746285460002 ) BB_EVAL_OK ( 75353633.723735213 ) SURROGATE_EVAL_NOT_STARTED ( )
( -1.150018650142  -1.2180144948860001  -0.233363613872  0.65519584143099996  -0.51362556785400004  0.056728388988999998  0.040956980099  -1.345637717587  -0.10373507097200001  0.356507292398 ) BB_EVAL_OK ( 75397259.915280834 ) SURROGATE_EVAL_NOT_STARTED ( )
( 1.229324261685  0.78794831762100004  0.26190016648699999  -0.22025951186199999  2.553252118943  2.4960091391099999  -0.33079322035100001  -1.350255038639  -0.78942416071699995  -1.192771422102 ) BB_EVAL_OK ( 75476119.196092114 ) SURROGATE_EVAL_NOT_STARTED ( )
( -0.76609755390500001  -0.79923692663500001  0.090187216981999996  -0.22462576081399999  -0.018373939838000002  -0.56800771424300001  1.0111112751219999  2.5949417806459998  0.52992826952200001  0.26991388359599999 ) BB_EVAL_OK ( 75672825.447945192 ) SURROGATE_EVAL_NOT_STARTED ( )
( 3.4542699530599998  -3.1512903841340001  -0.087246991284  -0.200472844974  1.6952647796710001  -2.7138726022720001  -1.586131690292  2.865624866374  -7.7866751655090001  2.9070814646619998 ) BB_EVAL_OK ( 75764913.001713008 ) SURROGATE_EVAL_NOT_STARTED ( )
( 1.4050924203490001  -0.900675318828  -0.102093046863  1.586896403331  -0.766719416509  -0.52500997784500003  -0.59507077717599999  -0.986151814219  -0.23584748290300001  -1.6328401436640001 ) BB_EVAL_OK ( 75775792.192719668 ) SURROGATE_EVAL_NOT_STARTED ( )
( 0.39451248697800001  0.76267267714800002  0.024102828157  0.83056999938700005  0.502420456796  -0.032353131878999998  -1.1877725197210001  -0.86340246371700002  1.122903719755  -0.69387487998599995 ) BB_EVAL_OK ( 75907546.57709384 ) SURROGATE_EVAL_NOT_STARTED ( )
( 1.4844707117680001  1.7729016559199999  0.194620396802  1.711372084717  0.78507056493799998  0.85610670623499996  -1.462900644688  0.34317351315299999  -0.30371798059499999  -0.77259338095200003 ) BB_EVAL_OK ( 76080819.239597678 ) SURROGATE_EVAL_NOT_STARTED ( )
( -2.0690179960789998  1.582990079222  0.18689098734500001  -0.10786464108300001  0.36645498669499998  0.113614511042  -2.1410159182480002  0.086144433746999996  -1.0269035409089999  0.44155912271499997 ) BB_EVAL_OK ( 76338245.870578185 ) SURROGATE_EVAL_NOT_STARTED ( )
( -0.65028602785599998  0.676149087506  0.22461882063899999  -1.0353708336359999  -1.261568972911  1.62406891147  -0.36122119118200002  1.3991899788660001  -0.194061039529  0.066220069431000006 ) BB_EVAL_OK ( 76350310.724443406 ) SURROGATE_EVAL_NOT_STARTED ( )
( 3.813320638015  0.112998223403  0.058672632265000003  -2.1908879832510002  1.1942458731409999  -1.456590018475  -3.7083188809699998  -0.31816475137700001  -7.4290657065110004  5.253005658238 ) BB_EVAL_OK ( 76462453.809732825 ) SURROGATE_EVAL_NOT_STARTED ( )
( -0.14325793774000001  -0.0071453239630000004  -0.013768471001  -0.30542330976600002  -0.75168082450600004  2.0189272109930001  0.65251813818799997  -1.015518587306  -0.41868491580900002  1.6627065348979999 ) BB_EVAL_OK ( 76535249.993359134 ) SURROGATE_EVAL_NOT_STARTED ( )
( -0.49196373413200001  1.601774950657  0.018367729667999998  -0.056120437696000003  -0.18887465572199999  0.35325072539500002  -0.29172476792500002  -0.25771354830600002  -1.122909149092  -1.2920140838809999 ) BB_EVAL_OK ( 76608762.513221473 ) SURROGATE_EVAL_NOT_STARTED ( )
( 0.29718517965500002  -0.91082884533700004  -0.015351683886  0.76846730032900001  -0.83818445496000005  1.03339037491  0.41972720895900001  -0.32792292328299999  -0.735960975031  -0.44962023498300002 ) BB_EVAL_OK ( 76632078.058093652 ) SURROGATE_EVAL_NOT_STARTED ( )
( 2.3254432634420001  -0.084461910060000006  -0.289925471775  0.64224274288700001  0.76178506492099995  1.8433187122679999  -0.27261222175400002  2.12651604266  0.97638860155499996  -0.129057785624 ) BB_EVAL_OK ( 76680060.119410336 ) SURROGATE_EVAL_NOT_STARTED ( )
( 0.76155531516599995  0.18077272816000001  -0.13289537221200001  -0.49318642382700001  0.70532723591500002  0.63131375893999997  -1.575861835093  -0.040410489068000002  -1.084950339146  -1.9840609621909999 ) BB_EVAL_OK ( 76846916.530991048 ) SURROGATE_EVAL_NOT_STARTED ( )
( -0.77409609503200005  1.8426463722369999  0.109745298618  0.031829031006  -0.11753235462099999  0.026617490878  0.64362954835999997  0.15673750238100001  0.12979722305999999  0.49663780793200002 ) BB_EVAL_OK ( 76868045.024122164 ) SURROGATE_EVAL_NOT_STARTED ( )
( 0.032164606259999999  0.58969771847999997  -0.26017886617000002  -0.14138413777700001  -0.38821459042099998  1.4582572674200001  0.90801521901000004  1.081824880906  0.827377613181  1.953092867699 ) BB_EVAL_OK ( 76956997.474956334 ) SURROGATE_EVAL_NOT_STARTED ( )
( -0.73153659415899996  0.36631745234599999  0.13984521479699999  -0.126995687809  -0.87903334972299996  0.54871539890599996  -1.1835952325700001  0.088109172570000005  -0.38986181611999998  0.62285184759800005 ) BB_EVAL_OK ( 77022874.133704469 ) SURROGATE_EVAL_NOT_STARTED ( )
( -0.91804595342899997  -0.45325470589400002  0.0011112317530000001  0.51754055159599999  0.079072418643000006  -1.034319772935  -0.068821524142999996  0.40882109544400003  -0.46694367230799999  -0.40761338100200001 ) BB_EVAL_OK ( 77217103.491519377 ) SURROGATE_EVAL_NOT_STARTED ( )
( 0.51203508788100005  1.502310129999  0.33325419308699999  1.444452694757  1.6557396686020001  0.90962882152000002  -0.58640237869  -0.33869481725900003  1.211598570302  -1.3787687913569999 ) BB_EVAL_OK ( 77234354.831031531 ) SURROGATE_EVAL_NOT_STARTED ( )
( -0.57139303424300003  -0.52596666292899996  -0.122301435204  -2.1031279319029998  1.6128878069299999  0.29248669350200002  0.017724621523  -0.60871142781999998  -1.564004474054  -0.570732105775 ) BB_EVAL_OK ( 77343608.127907977 ) SURROGATE_EVAL_NOT_STARTED ( )
( 0.27375938201599997  -0.132810817848  0.083440585496000003  -0.15124268547200001  -0.45771199723400002  1.5383945974640001  -0.270964775627  -1.2413087259410001  0.22903263319700001  0.558091124976 ) BB_EVAL_OK ( 77350802.037647322 ) SURROGATE_EVAL_NOT_STARTED ( )
( 1.1262712839010001  0.96091331936900004  0.154416064592  -1.4460597824479999  1.267103888371  1.4712954085459999  -0.47990102479000002  0.78332938069900004  -0.055095361776000003  -0.54850574267600005 ) BB_EVAL_OK ( 77428191.481647417 ) SURROGATE_EVAL_NOT_STARTED ( )
( 1.0540931108160001  -0.214441679612  -0.25842606203000001  0.12538543697499999  -1.5175923931319999  0.24961713176200001  1.229333617163  1.175199636356  -0.67059532341999994  1.0886963675000001 ) BB_EVAL_OK ( 77455624.064440265 ) SURROGATE_EVAL_NOT_STARTED ( )
( 0.427318527437  0.038970268650999999  0.171125710534  -0.117802749805  1.4604211090250001  0.86028465014300004  -1.356748968145  0.169761234038  -0.089149200080999996  0.19750820104 ) BB_EVAL_OK ( 77586556.080343395 ) SURROGATE_EVAL_NOT_STARTED ( )
( -0.098551108743999999  0.37675212376200001  -0.24916993121  0.35644406936599998  0.22376841880199999  0.47758839909299999  -0.164589697773  -0.79264823988999999  -0.77469451035299997  -1.6069144573109999 ) BB_EVAL_OK ( 77649144.29003796 ) SURROGATE_EVAL_NOT_STARTED ( )
( -1.2736651606630001  0.048614264262000002  -0.20285113070300001  0.29545587960199998  -1.8733233198170001  -0.079711220609999994  0.36475874393199997  1.3322052886439999  -0.557829888818  1.0694545197830001 ) BB_EVAL_OK ( 77695445.652035668 ) SURROGATE_EVAL_NOT_STARTED ( )
( 0.49889937855700001  -0.31294336709999998  0.046367150736  -0.33378238594999998  -1.071339137502  1.318095121669  0.40944269630500002  0.39793350782300002  -1.2747065931920001  -0.74964665205100001 ) BB_EVAL_OK ( 77930263.183448002 ) SURROGATE_EVAL_NOT_STARTED ( )
( 0.42079413867900001  0.451632931706  0.34364362217099997  -0.61840923393000002  0.34940034759999999  1.3519166151069999  -0.033484232109999998  -1.4271817057380001  0.48644185281000002  0.017081465577 ) BB_EVAL_OK ( 78028745.772493914 ) SURROGATE_EVAL_NOT_STARTED ( )
( -0.61855739740600002  -1.013126410261  -0.24179489931500001  0.0036101872640000002  -1.3433966507420001  0.77824485225499995  1.672148016518  1.8206864165850001  -0.244137801155  1.0987738150490001 ) BB_EVAL_OK ( 78149015.209614977 ) SURROGATE_EVAL_NOT_STARTED ( )
( 1.379322919209  -0.33516431885199999  0.105263136826  0.92032080515299997  1.366851854236  -1.5493899809439999  -1.1824518380210001  0.56028166827400006  0.207338425302  -2.3095233831319999 ) BB_EVAL_OK ( 78216346.102092654 ) SURROGATE_EVAL_NOT_STARTED ( )
( 4.2899087684310002  -3.4819051420379998  -0.13828887676900001  2.7329848814469999  -0.33108001165299999  0.34731376882699999  -1.1639806272369999  3.1074881201459998  -7.9967916211999999  0.246645538444 ) BB_EVAL_OK ( 78256692.440472335 ) SURROGATE_EVAL_NOT_STARTED ( )
( -2.8832070903379998  2.585359171476  0.24560990424199999  -1.4109500855820001  1.054012255645  -0.16084928142800001  -0.49811835592300002  -0.113552156746  -0.54976955423600005  -1.0465344637359999 ) BB_EVAL_OK ( 78265013.26361993 ) SURROGATE_EVAL_NOT_STARTED ( )
( 0.57292863760699997  -0.33561950675800001  -0.148808283613  -0.50662961459599998  -0.59923316408399996  0.63602589406999999  0.163039779435  -0.77181656557699996  -0.031896978601999998  -1.304581431074 ) BB_EVAL_OK ( 78314572.946788371 ) SURROGATE_EVAL_NOT_STARTED ( )
( -0.77866526132699998  0.296367721162  0.066747841163999996  0.64814976778099997  -0.073079631446999999  -0.949676975182  0.76009655812400001  1.6465467714119999  -0.41069642266400003  -1.4804474019280001 ) BB_EVAL_OK ( 78387495.787148297 ) SURROGATE_EVAL_NOT_STARTED ( )
( 1.113909282714  0.32256176400499997  -0.26694719548599999  1.071758060104  -0.67157251540100005  0.580874176563  -0.055412288082000001  0.45842681830300003  1.019757831885  1.869829859392 ) BB_EVAL_OK ( 78563618.145706147 ) SURROGATE_EVAL_NOT_STARTED ( )
( 0.74512743037399998  0.153661551658  -0.13284799387900001  1.11737952229  -1.651031591458  1.1887078915639999  -0.45714303812399998  0.189073316317  -0.00149229414  0.070847878360000005 ) BB_EVAL_OK ( 78569216.75063695 ) SURROGATE_EVAL_NOT_STARTED ( )
( -1.988391461837  1.3933913371840001  0.057618102371999998  -0.20432868445999999  -0.82650745088400002  0.66348920634599995  -0.409593561351  0.0034060428770000001  -0.96810054266699996  1.4966634656360001 ) BB_EVAL_OK ( 78587882.355672345 ) SURROGATE_EVAL_NOT_STARTED ( )
( 0.58929019573300001  -0.28789110987799998  0.040653179166000003  0.72047169744999995  -0.71486066922400004  0.79224279563300004  0.50576506824800005  -0.85366873436799995  0.042859834449000003  1.153333791136 ) BB_EVAL_OK ( 78601917.471369982 ) SURROGATE_EVAL_NOT_STARTED ( )
( -1.1902796731409999  1.5386823843649999  0.17553773212599999  -0.994458438818  -1.20124752356  0.43279176414999998  0.68379287499300001  0.33769378050600002  -0.041845887802999998  -2.2008328327040001 ) BB_EVAL_OK ( 78630896.689849958 ) SURROGATE_EVAL_NOT_STARTED ( )
( 8.1765316006970004  -3.2421174025130002  0.071731985817999999  2.4997582599419998  1.244443374009  -2.0391760672319998  -0.89975231541199996  -3.566077973514  -0.39549943041800001  -0.148937017305 ) BB_EVAL_OK ( 78658988.797175378 ) SURROGATE_EVAL_NOT_STARTED ( )
( -2.2359644785119999  1.4352825596579999  -0.114971150026  -0.79759506687500004  1.335825806211  -0.53021390228700005  0.24538666943000001  0.16413511200899999  -1.130749193794  -1.6112926680440001 ) BB_EVAL_OK ( 78668662.712936252 ) SURROGATE_EVAL_NOT_STARTED ( )
( -0.77332903628299998  -1.251663946903  0.057774349104999997  0.79897879749400003  -1.859810019867  0.379623994194  0.19367036998100001  -0.16015086170599999  -0.17228875895599999  2.2136293537339999 ) BB_EVAL_OK ( 78687353.383023784 ) SURROGATE_EVAL_NOT_STARTED ( )
( 0.29276905978200002  0.65526261567599997  -0.104111567036  0.010367199478  0.44516047075600002  1.3791806796270001  0.74890628977499996  -1.5082016074239999  0.43337472800600002  0.58144175898899997 ) BB_EVAL_OK ( 78699096.272233918 ) SURROGATE_EVAL_NOT_STARTED ( )
( 0.93622055791600001  -1.861117862013  -0.16033935853199999  1.3485336798059999  -1.1018351009009999  0.216914626567  0.80278738353900003  0.239695692155  0.93729168908600002  0.79140467199999998 ) BB_EVAL_OK ( 79055832.612096325 ) SURROGATE_EVAL_NOT_STARTED ( )
( -1.0781785200189999  -0.016427714874999999  0.0073051399870000004  -0.50106533011499998  0.067992410958000002  0.0037735898080000002  -0.43120789204100002  1.067835979147  -0.42984142879999998  1.0064457714790001 ) BB_EVAL_OK ( 79127238.910495639 ) SURROGATE_EVAL_NOT_STARTED ( )
( 1.9894053242859999  -0.32394392391400001  0.063969386636999997  1.313940483299  1.5584829057959999  0.56627519322800002  -0.51169222763599997  -0.74720906044400004  0.51671665602000005  -0.151384136414 ) BB_EVAL_OK ( 79218416.153919309 ) SURROGATE_EVAL_NOT_STARTED ( )
( -0.381565012137  -0.67752984586599996  -0.041523912598999999  -0.023415730329999999  -0.38819670500800002  -0.69371336058499999  1.3802521957080001  0.55877158805799998  -1.207953025885  -1.2683435384399999 ) BB_EVAL_OK ( 79250355.638119623 ) SURROGATE_EVAL_NOT_STARTED ( )
( -0.74885649106800001  1.9075280601469999  -0.013113596159999999  0.213525599865  -0.69707870985099996  0.71180147723999998  0.20721588779299999  -0.37502880388400001  -0.134292656958  0.73948611576000001 ) BB_EVAL_OK ( 79320407.716095284 ) SURROGATE_EVAL_NOT_STARTED ( )
( 0.62442193526099998  -0.80976146510500002  -0.18058114602600001  0.88584744134799998  -0.37477021567899998  -0.37253758666499998  -0.63023889648099995  0.909255271122  -0.060888873002999999  -0.23536630338199999 ) BB_EVAL_OK ( 79336607.373106107 ) SURROGATE_EVAL_NOT_STARTED ( )
( 2.0383190879600002  0.39584076196599999  0.044189996034999998  -0.37088936265099998  1.508826809663  -0.10059383626399999  -0.66954568154500005  1.631248932761  0.97213482129100004  1.3357399846769999 ) BB_EVAL_OK ( 79384634.854392558 ) SURROGATE_EVAL_NOT_STARTED ( )
( -1.189960516957  -0.10286904893400001  -0.11928358758099999  2.0482134742240001  -0.51467334116399999  -0.55174741258100002  0.83173626770999998  -0.91689171574600004  1.222133365708  0.82347998113700005 ) BB_EVAL_OK ( 79461107.312049031 ) SURROGATE_EVAL_NOT_STARTED ( )
( -0.33538923306899998  -2.127147636553  0.022160040778999999  -0.164483720178  -0.107151200765  -1.221928635294  -0.043975050201000003  -0.12552648694400001  -0.231822024376  -1.7064883917 ) BB_EVAL_OK ( 79475584.430361658 ) SURROGATE_EVAL_NOT_STARTED ( )
( 0.14806238256900001  -1.5167936773220001  -0.063892952074000003  0.13475677644100001  -2.0409306353329999  0.45020104922199999  0.90122828958900003  0.49152691574200003  0.22606042376999999  -0.89627808004099996 ) BB_EVAL_OK ( 79584703.557031587 ) SURROGATE_EVAL_NOT_STARTED ( )
( 0.0032170572080000002  -1.002203382547  -0.020266445034000002  0.104296959913  -0.090684156698999999  0.65584764603000001  1.0150297912570001  -0.582902741961  1.2830928539349999  1.365663181935 ) BB_EVAL_OK ( 79590739.042058825 ) SURROGATE_EVAL_NOT_STARTED ( )
( 0.58287250027699999  0.84409207788100005  0.276538653621  -0.53967908551499999  -0.59509770147100005  1.8127943119529999  -0.0087092287189999996  -0.45804357446400001  -0.73064904673800002  0.109613872967 ) BB_EVAL_OK ( 79604187.593508855 ) SURROGATE_EVAL_NOT_STARTED ( )
( -1.1219246891979999  0.26167137324599998  0.070116981189999997  -0.026986157675000001  -0.49605614512899998  0.27907535114999998  0.71004819444199996  -0.26424315660199998  -0.282686178846  -0.36823213047499997 ) BB_EVAL_OK ( 79617494.605003446 ) SURROGATE_EVAL_NOT_STARTED ( )
( -0.095904242062999995  0.50736861617499995  -0.0073160292170000004  1.2320260218029999  0.363053172162  -0.58177312063999997  -1.1577995961450001  -1.8830840273139999  -0.049275361931000003  -2.4614649202529999 ) BB_EVAL_OK ( 79625403.750019491 ) SURROGATE_EVAL_NOT_STARTED ( )
( -1.4416559057060001  -1.2383953753470001  0.12610309871799999  0.049363626250999999  -1.2870181551119999  -1.435326158744  0.337115255803  1.350144078364  -0.12918258739800001  -0.52851437088700004 ) BB_EVAL_OK ( 79666416.473304361 ) SURROGATE_EVAL_NOT_STARTED ( )
( -0.80078932691000004  -0.124759676918  -0.026722852992000001  1.2209063299330001  -2.046994674479  0.66092328307500003  -0.46553169715999998  -0.41720666290899999  -0.11800679795000001  0.65829471602300005 ) BB_EVAL_OK ( 79713016.343815833 ) SURROGATE_EVAL_NOT_STARTED ( )
( 0.27401033264199998  1.7614401391029999  0.155568195636  0.63729919137500002  -0.61401035975200002  -0.80899264797399995  -0.040381264770000001  -1.0328015255009999  -0.076011238285999996  -1.247007446502 ) BB_EVAL_OK ( 79752549.54328154 ) SURROGATE_EVAL_NOT_STARTED ( )
( 0.035957062930999997  2.6301966731970001  0.14320247784599999  -0.27776558026699999  0.024514610762  1.752679954327  1.1164625208400001  -1.4694771599530001  -0.41628438456299999  -1.3365572196990001 ) BB_EVAL_OK ( 79795031.971602216 ) SURROGATE_EVAL_NOT_STARTED ( )
( 0.26850002163499997  -0.21555706807300001  -0.13298227151899999  0.36024263120900002  -1.178620257108  0.104846194672  0.850041015224  -0.26747494896899998  0.50308347364700001  -1.2529383855909999 ) BB_EVAL_OK ( 79913447.775701627 ) SURROGATE_EVAL_NOT_STARTED ( )
( 1.6286472201610001  -0.57603282273  0.105866157882  0.88878330805100003  -0.11288934084799999  -0.559692573129  0.36492133379399999  0.74335429796200003  -1.0358646830780001  -3.394236428143 ) BB_EVAL_OK ( 79932896.558002293 ) SURROGATE_EVAL_NOT_STARTED ( )
( -0.0066267849410000003  -0.867843724973  -0.15589106974  1.14329987413  -1.4509931449710001  -0.76173736971600003  1.0575528652870001  -0.193148064053  -0.13761197281400001  1.3992640907909999 ) BB_EVAL_OK ( 79944882.612641245 ) SURROGATE_EVAL_NOT_STARTED ( )
( -0.510847547116  -0.25430740293800003  0.25102167022900002  -0.80759952122400003  -0.61669608610100002  0.26534415729400002  -0.32713635827699999  -0.29851029290100001  0.35100200085400002  0.17906005953000001 ) BB_EVAL_OK ( 79961179.800035879 ) SURROGATE_EVAL_NOT_STARTED ( )
( -0.57420874717000003  0.14162581537800001  0.00063786721999999996  0.51094077323099996  -1.483514003779  1.5975774490520001  0.53154302256599995  -1.2125365678390001  0.15172076855899999  -0.67426454810199998 ) BB_EVAL_OK ( 80036480.297524899 ) SURROGATE_EVAL_NOT_STARTED ( )
( 0.222101844055  1.446451791543  -0.079372319654999995  -0.51313716282599997  1.5302210911880001  -0.100077213027  0.42513352435599999  1.5090131172850001  -0.43670965085199998  0.78621152262899996 ) BB_EVAL_OK ( 80141429.054916486 ) SURROGATE_EVAL_NOT_STARTED ( )
( -1.3914562046779999  2.4457897805659998  0.101935180483  -0.35948154659100001  -0.66220971043200005  -0.155461923955  -0.052178755734  -0.077369829591  0.44408838374300003  -0.64100054315400001 ) BB_EVAL_OK ( 80155087.647190869 ) SURROGATE_EVAL_NOT_STARTED ( )
( -0.97341219310500005  0.095686021103999999  0.079488781393999994  0.26251840149299999  -2.3094089017320001  0.17943593355599999  -1.251115115018  0.90440272716199999  1.4449964446770001  1.4987638963559999 ) BB_EVAL_OK ( 80248006.166375458 ) SURROGATE_EVAL_NOT_STARTED ( )
( 0.71633163362300001  -0.18129030802400001  0.29122122205700002  -0.091231880946999994  1.217481374391  0.65879716807800004  -0.85421239744400002  -1.648504455983  1.007105454965  -1.389704587862 ) BB_EVAL_OK ( 80427090.033402935 ) SURROGATE_EVAL_NOT_STARTED ( )
( -1.042442545533  -0.93161459329100005  -0.0060201561730000002  -0.42572390027899998  0.19031278608999999  -0.18801583293400001  0.91714406320099995  -0.67254208638599999  -1.3948094203970001  -1.4801036147040001 ) BB_EVAL_OK ( 80478812.449278399 ) SURROGATE_EVAL_NOT_STARTED ( )
( 0.75041912473200001  -0.055734873736000001  0.043604915236999997  1.6725852809940001  -0.52854991879000002  -0.22583181768800001  -0.39398449107799999  -0.48923855190999999  0.61496104880799995  1.9816497340829999 ) BB_EVAL_OK ( 80603963.816665426 ) SURROGATE_EVAL_NOT_STARTED ( )
( 0.077351185128000002  2.4297862576960001  -0.005924194602  0.25453422900799999  -0.55572786076500003  0.88410042349100004  0.19775168634000001  -0.80872191684100003  1.170267633003  0.20177649731899999 ) BB_EVAL_OK ( 80732069.620049834 ) SURROGATE_EVAL_NOT_STARTED ( )
( 0.45623344975800001  -1.1494324493570001  -0.090846243108000005  0.079171557293999995  1.4172796519169999  0.83132224669900001  0.156740651821  -1.6823886495639999  0.34775615557400003  0.40836495628800001 ) BB_EVAL_OK ( 80748836.776513889 ) SURROGATE_EVAL_NOT_STARTED ( )
( -1.5703179263010001  -0.31226379090799999  -0.024722600744000001  -1.1323396921760001  -2.0104995160149999  0.173139557537  1.180590488207  -0.106638246221  -1.287931686546  0.82745702186199999 ) BB_EVAL_OK ( 80779527.489499941 ) SURROGATE_EVAL_NOT_STARTED ( )
( -0.10442569654  -1.0003238651699999  -0.31129267333499999  0.64918563870400003  -0.26466051649799999  -0.51207633293599997  2.3349129619950002  0.61832785514199995  0.43138155139700002  -0.014622684852999999 ) BB_EVAL_OK ( 80788135.527381495 ) SURROGATE_EVAL_NOT_STARTED ( )
( -1.6405573764879999  2.2667292059489998  0.016522731366999999  -0.17465097522  -0.60109836391799998  1.3757655183140001  -0.96188382572300002  -0.98755980147099998  -0.51465387925399997  1.3325048514860001 ) BB_EVAL_OK ( 80853587.749874845 ) SURROGATE_EVAL_NOT_STARTED ( )
( 0.206906882855  -0.80527065256100006  -0.17801835799099999  0.40779608918799998  0.68968117799899997  -0.95101783659600003  0.62246278750799999  -0.077409315601000006  0.178738700828  0.44242808740900003 ) BB_EVAL_OK ( 80997941.225233257 ) SURROGATE_EVAL_NOT_STARTED ( )
( -1.4141787590849999  -0.21851925685099999  -0.19036044900599999  -0.42153690621899997  -0.13309751059700001  -0.25764489652799999  0.71115660295500005  1.6381374005039999  -0.14882882931899999  -0.31315913520999999 ) BB_EVAL_OK ( 81071697.080221325 ) SURROGATE_EVAL_NOT_STARTED ( )
( 0.31792963964900001  -0.157794695476  -0.165249868095  0.29594011207100002  0.30062503436100002  -0.084294871820999998  0.18864772533499999  -0.49395950589199999  -0.17601368662899999  1.013003743529 ) BB_EVAL_OK ( 81073131.06378442 ) SURROGATE_EVAL_NOT_STARTED ( )
( 0.47298999189899998  -1.047997595262  0.16341715977599999  0.85041782362999996  -0.030937459115999998  0.44160852807700002  -0.78086299034399997  -0.75853956172299997  0.84790492828399999  -0.49167974990199997 ) BB_EVAL_OK ( 81095695.353700772 ) SURROGATE_EVAL_NOT_STARTED ( )
( -1.5898354078070001  0.88273902200800003  0.11419165572499999  -1.3257197649020001  -0.381353922648  0.68102989051399998  -0.975339447415  0.35031640934500002  -1.1673986828489999  0.48786356107500001 ) BB_EVAL_OK ( 81110716.665060371 ) SURROGATE_EVAL_NOT_STARTED ( )
( -0.751774087358  1.1894980103149999  0.166423449034  -1.3359646042140001  0.31707046024699997  -0.38042245985799999  0.077291571273000001  0.94067207462699998  -0.61920234703300003  -0.85617944790300005 ) BB_EVAL_OK ( 81234624.945929915 ) SURROGATE_EVAL_NOT_STARTED ( )
( -2.1023055960489998  0.104943287462  0.005468954384  -0.33841837367099997  -0.48360447841699999  -1.180225609164  0.57896660899300001  1.223485693685  0.080737059052000001  -1.2049641409380001 ) BB_EVAL_OK ( 81453058.745990038 ) SURROGATE_EVAL_NOT_STARTED ( )
( 1.0740201322709999  0.070366871807999998  0.072839371703000005  0.033635517661000001  -0.69692988600600003  0.225655109144  -0.81460509650000001  -0.75988505748500002  0.512352200333  -1.1245485248530001 ) BB_EVAL_OK ( 81465010.594599128 ) SURROGATE_EVAL_NOT_STARTED ( )
( -1.4021277965129999  -0.378753973593  -0.259730169545  0.073619886662999998  -2.4820300828909998  -0.052403691494000003  0.501714241043  -0.67346699821400002  -0.119998011748  0.546720236606 ) BB_EVAL_OK ( 81494248.436189815 ) SURROGATE_EVAL_NOT_STARTED ( )
( -0.54909148982  -1.244504378072  -0.17702532138999999  -0.25693884988400001  -0.95590131556500002  0.38334429276900001  1.2147347029890001  1.8658057439960001  0.53320986628099998  2.1698186512780002 ) BB_EVAL_OK ( 81644449.580717653 ) SURROGATE_EVAL_NOT_STARTED ( )
( -0.27685439630300002  0.16477708212700001  -0.17385303921600001  -0.93541723881700001  -0.92795026261900004  1.201292563295  0.19379558301700001  -0.55026301944800005  0.37602335603300002  0.84609329467899996 ) BB_EVAL_OK ( 81770246.172633216 ) SURROGATE_EVAL_NOT_STARTED ( )
( 1.309759596665  -1.6404252652819999  -0.016584748749999999  0.40781961017899998  0.49815512957800001  -0.19518588456300001  1.1076384993620001  0.19597989213899999  0.67981730036200005  0.97825349129000005 ) BB_EVAL_OK ( 81879531.116202712 ) SURROGATE_EVAL_NOT_STARTED ( )
( -0.51310120734300002  1.281918786483  -0.020552845968999998  0.117632920613  0.75473015623700002  -0.38135311974199998  -0.77004211657999999  1.2492590690959999  -1.219312168873  -1.0555180657550001 ) BB_EVAL_OK ( 81936005.491984338 ) SURROGATE_EVAL_NOT_STARTED ( )
( 2.3808703831639999  0.855692702483  -0.0076826370339999998  1.664452666921  1.1132315759739999  0.209845185893  -0.018359048861999998  1.0852206627000001  0.45097450965000002  0.50299768847399995 ) BB_EVAL_OK ( 82148487.060162082 ) SURROGATE_EVAL_NOT_STARTED ( )
( -0.49011807114700001  0.560544500758  -0.292496849329  -0.56467132168  0.35167827192000001  0.59199097519800004  0.46870663455200001  -0.36713302385399998  -0.98729471348599995  -0.40568285684499999 ) BB_EVAL_OK ( 82338429.923585907 ) SURROGATE_EVAL_NOT_STARTED ( )
( 1.2592844989650001  -0.48705498664399999  0.083733246450999999  1.0648858665109999  0.55638983819700005  -0.64750988214100003  0.72800061356000001  -0.79451520509200002  0.27874492239900001  -1.039022593916 ) BB_EVAL_OK ( 82480707.370154023 ) SURROGATE_EVAL_NOT_STARTED ( )
( 1.4218724745510001  0.89952894827999996  0.020643039296999999  1.3858484534119999  0.80961474001199996  0.28887458334299998  -0.59541543300099997  -0.087047695913000003  0.65636957628199999  -2.026039046328 ) BB_EVAL_OK ( 82559768.491161853 ) SURROGATE_EVAL_NOT_STARTED ( )
( 1.67705852729  -0.043582505947999998  0.017624760010000001  -1.236603376915  1.4067481506540001  1.9135409076230001  -0.28688147301700001  1.100736171548  1.116536876464  -1.299819650371 ) BB_EVAL_OK ( 82571232.626802221 ) SURROGATE_EVAL_NOT_STARTED ( )
( -3.443192673899  0.301147299609  -0.127349753845  0.65649185953099998  -2.0561240917260002  -2.1199612225869999  -0.25240779519899997  1.6816108875110001  -0.31153952466200002  0.27784630099899998 ) BB_EVAL_OK ( 82573029.394264683 ) SURROGATE_EVAL_NOT_STARTED ( )
( 0.060167925912999999  0.47743232451899997  -0.078682486282000003  -0.010449481097  -0.025231601541000001  1.263001842252  1.5302044674699999  1.174031606719  1.5566296561020001  0.68149342613200004 ) BB_EVAL_OK ( 82583869.347880259 ) SURROGATE_EVAL_NOT_STARTED ( )
( -0.52286529030499995  -0.55548122647300002  -0.084928610946000002  0.912975497458  -0.37484789364999999  -1.5853226990660001  -0.13202813588500001  1.154500852183  -0.052711413422000003  -0.502683889454 ) BB_EVAL_OK ( 82633282.465301409 ) SURROGATE_EVAL_NOT_STARTED ( )
( -0.74120182913599997  0.35266876711200001  -0.28709517783299998  -0.14949043043999999  0.27405795083000001  -0.76117029768300004  -0.19545695026400001  -0.63502966049599996  -0.22136313664000001  0.623644807287 ) BB_EVAL_OK ( 82639325.494128332 ) SURROGATE_EVAL_NOT_STARTED ( )
( -2.667737685644  3.2637189773880002  0.17839960247600001  3.7687151114890001  -3.643954476382  6.0257141049780003  2.3834888617310002  0.95597978113600002  -1.136267619404  -1.155224844078 ) BB_EVAL_OK ( 82691542.779380947 ) SURROGATE_EVAL_NOT_STARTED ( )
( -2.4261431615009998  1.696520632023  -0.092950961407000002  -2.0527768937499999  -0.544172391664  -0.72846632247300003  -1.1527391427810001  -0.710418553658  -0.84387121772200002  -0.94105611850600002 ) BB_EVAL_OK ( 82722012.104576752 ) SURROGATE_EVAL_NOT_STARTED ( )
( -0.19175628949500001  0.60710557257300002  -0.028018767943000001  -1.6037922926970001  0.247530302009  0.97994994747800002  0.42554841106800001  0.60382493087900002  0.247524252784  -0.103670239437 ) BB_EVAL_OK ( 82724392.272425056 ) SURROGATE_EVAL_NOT_STARTED ( )
( -0.43061369123600002  0.236011956966  0.29747437407799998  -0.88172631815000002  1.890149912721  0.26670298425  0.011290613737000001  -1.5078519541199999  0.91461889593300005  -0.17926890244599999 ) BB_EVAL_OK ( 82729883.48160103 ) SURROGATE_EVAL_NOT_STARTED ( )
( -0.55445336035100001  1.512287676213  0.096670928431999995  -0.82485864366700001  0.87678273858300004  0.25152796277599998  -1.201183317108  0.66058572401799998  0.81003547589799996  0.79909658149600005 ) BB_EVAL_OK ( 82888552.54250972 ) SURROGATE_EVAL_NOT_STARTED ( )
( 0.567546864722  2.3448478018299999  0.018391859552000001  0.010384419204  0.81424041110099998  0.050611877442999997  -0.50673003644400005  -0.19875149919999999  0.24023675284500001  1.39468672124 ) BB_EVAL_OK ( 82891557.689301744 ) SURROGATE_EVAL_NOT_STARTED ( )
( 2.0849147068680001  1.6214784787850001  0.22840578928999999  0.20029409326299999  0.45191133296500002  1.9112324267009999  -0.73261631775000002  -1.12216448391  0.67505851750699997  0.449935612205 ) BB_EVAL_OK ( 82895644.874336585 ) SURROGATE_EVAL_NOT_STARTED ( )
( -0.103469808032  0.189774251354  -0.21522246474500001  0.10104815641000001  -1.30597191555  0.022841114799999999  0.35056785703799997  -0.11462914358  0.13708904547299999  -0.44653681555399999 ) BB_EVAL_OK ( 82910903.529632702 ) SURROGATE_EVAL_NOT_STARTED ( )
( 0.66569871519400003  -1.281337169103  -0.061017932376999998  0.54003391545699997  0.44134902501399997  -0.22074522845299999  -0.31734432721  -0.59948253553399999  0.024374349053  -0.74040886644100001 ) BB_EVAL_OK ( 82962145.387668088 ) SURROGATE_EVAL_NOT_STARTED ( )
( -1.32744608137  0.57436965299099996  -0.0044424362899999998  -0.42179054602400001  -1.297634196702  0.39680840952099999  -0.33714863404000001  -1.0901707004450001  -0.47182100245500003  1.0298781394509999 ) BB_EVAL_OK ( 83348135.876867115 ) SURROGATE_EVAL_NOT_STARTED ( )
( 0.98573192133700005  -0.41584580132499999  0.23030030172300001  0.27676075992499999  1.142547007998  -0.18453125982999999  -0.23900577315499999  -1.5477821582110001  -0.21164571800900001  -1.2279566208029999 ) BB_EVAL_OK ( 83409401.424838886 ) SURROGATE_EVAL_NOT_STARTED ( )
( 0.46649800794399998  0.71717009121099995  0.037641573570000003  0.26819182882800002  -0.22707686007399999  -0.37412567163600002  -1.0858404416530001  0.62048947087899997  0.20272951939100001  0.84578659908099996 ) BB_EVAL_OK ( 83421017.215646446 ) SURROGATE_EVAL_NOT_STARTED ( )
( -1.1108173424350001  0.70131499695499999  -0.102559526098  -0.59138258139800004  -0.097956862956999999  0.41443006623099998  0.81788175052599998  -1.659201453831  -2.139072682738  0.31800037622600003 ) BB_EVAL_OK ( 83470633.872157723 ) SURROGATE_EVAL_NOT_STARTED ( )
( 0.64969952815999998  0.059895926325000001  -0.051832819869999998  0.485008468932  0.64126659200400005  -0.69808026238599996  -0.72749944119800003  0.55477303549500001  0.057074732259999997  -0.15888981869800001 ) BB_EVAL_OK ( 83472687.342245087 ) SURROGATE_EVAL_NOT_STARTED ( )
( -0.60441901536800002  -0.91224325369799997  0.019874128909000002  -1.0872183466150001  -0.21539320553300001  -0.52843276267299999  1.330207440468  0.52863656596300002  -0.030745404367  -1.5347313114359999 ) BB_EVAL_OK ( 83486130.317085013 ) SURROGATE_EVAL_NOT_STARTED ( )
( -0.829680009424  -0.448712681098  0.079752005242999996  -0.095439427906999996  0.29899577747099998  -0.87377367544200002  0.36628400823200002  -0.63136423155200005  1.3517224184109999  -0.158743301812 ) BB_EVAL_OK ( 83638129.917769983 ) SURROGATE_EVAL_NOT_STARTED ( )
( 0.77103057971900002  0.43147802630100002  0.038100517813000001  -0.50466451002400003  1.7880885788430001  -1.7108235339060001  0.12176503825399999  -0.088068082692999997  0.43923675892699998  -0.67957029877700004 ) BB_EVAL_OK ( 83765292.877801865 ) SURROGATE_EVAL_NOT_STARTED ( )
( 0.590789354175  1.1959607414469999  -0.093012770231999997  -1.135989971006  0.434596335429  -1.439765121362  -2.0453113044800002  2.0975549009819998  2.0034300854559999  -0.81803767933500005 ) BB_EVAL_OK ( 83826260.073667914 ) SURROGATE_EVAL_NOT_STARTED ( )
( 0.116184027265  -2.2632314018450002  -0.219435486983  0.57243680889100002  -1.0735524077580001  -0.68506562176600005  0.57067510945800004  -0.21313354401000001  0.0016393930839999999  -1.604551314389 ) BB_EVAL_OK ( 84134233.004004225 ) SURROGATE_EVAL_NOT_STARTED ( )
( -2.478240185497  0.13794687836200001  -0.073028249655000002  0.36021239548299999  -0.32993784373599999  -1.6746649650380001  -0.69180191802000002  -0.29146429818300001  -0.50916118806099997  2.274584973953 ) BB_EVAL_OK ( 84156140.584398553 ) SURROGATE_EVAL_NOT_STARTED ( )
( 1.5399509912110001  -1.3712077772139999  0.091232684272  0.84082770925899997  0.218064569953  -0.053121257339  -0.65773457570399996  -1.4826323256530001  0.65302095050099995  1.4762040676099999 ) BB_EVAL_OK ( 84520125.268449992 ) SURROGATE_EVAL_NOT_STARTED ( )
( -0.34192645310199998  0.36915685211999999  -0.019285075095999998  -1.1140863073580001  0.23946568252299999  0.041630160371000001  1.3671634035339999  -0.49577875678799999  -0.83471405595799997  -0.240874083372 ) BB_EVAL_OK ( 84523534.370262101 ) SURROGATE_EVAL_NOT_STARTED ( )
( 0.55540046247499997  1.3894903143040001  -0.12836738400700001  -0.088622049652000004  -0.69070081977700004  -1.3984134116610001  -0.72015020109799999  -0.53641368803599998  0.19336833532799999  -1.9283622483059999 ) BB_EVAL_OK ( 84583442.022957191 ) SURROGATE_EVAL_NOT_STARTED ( )
( -1.1055908228989999  -0.49942177745499999  0.195628241211  -0.45702104329999998  0.166060624248  -0.31706023139700001  -1.937012474009  -0.79765984864999995  0.29679539791499998  0.13709492137500001 ) BB_EVAL_OK ( 84627581.144747511 ) SURROGATE_EVAL_NOT_STARTED ( )
( 1.123703396921  0.42984285368000003  0.12822065927199999  -0.51657431767799999  0.23822856533  1.383656306632  -0.182612997459  -0.86541371384700005  1.152738999708  2.316208080494 ) BB_EVAL_OK ( 84643789.101283193 ) SURROGATE_EVAL_NOT_STARTED ( )
( 1.3435718227660001  -1.596359887882  -0.26030002540800001  1.2434442500780001  -0.130292979162  -0.61933118225799999  1.1082486893850001  -0.77305790533999996  -0.136685894118  0.123057090469 ) BB_EVAL_OK ( 84794199.45466122 ) SURROGATE_EVAL_NOT_STARTED ( )
( 0.44309659277500002  0.092161225373999997  0.025966692311999998  -0.362650582891  0.18201868012399999  0.019694608908999999  -0.082738735709000005  -0.83753522639  0.46330386303999999  -0.90094387460199998 ) BB_EVAL_OK ( 84874250.80511643 ) SURROGATE_EVAL_NOT_STARTED ( )
( 0.28485324920400001  -0.059490441094  -0.26691986921600003  -0.33238499254699999  -0.454798785747  0.656737660256  0.62628123778800004  -0.012775427046  0.12746901162400001  -1.1159296912150001 ) BB_EVAL_OK ( 84901967.405982569 ) SURROGATE_EVAL_NOT_STARTED ( )
( 1.7392935316  -1.378462979512  -0.06836012206  -0.47979729959700002  0.46628064503799999  0.109229939921  -0.76049661112400002  -1.123600679156  -0.041038005319000002  -1.7070623208219999 ) BB_EVAL_OK ( 84939457.551743075 ) SURROGATE_EVAL_NOT_STARTED ( )
( 0.924426855311  -1.6168173014230001  -0.199622164199  0.29999591880499998  0.76773618706299995  -0.49940924331800002  0.66148241585900003  2.4862937104529998  0.60585860410400005  2.3258944603049998 ) BB_EVAL_OK ( 84964013.718395919 ) SURROGATE_EVAL_NOT_STARTED ( )
( -0.56895030902099997  0.450957587386  0.039262091066000003  -0.70351505107300005  0.024332321819999999  -0.474952728607  0.20916853350699999  1.3462114695380001  0.090572216627999996  0.977496451589 ) BB_EVAL_OK ( 85117717.58684355 ) SURROGATE_EVAL_NOT_STARTED ( )
( 1.989834299143  -0.18340829384599999  0.25177676321300002  0.40343841775400002  1.3611935015200001  -0.123481025122  0.57499481928100005  0.66564887700800002  1.4625838061809999  0.76685461642300001 ) BB_EVAL_OK ( 85245220.941098362 ) SURROGATE_EVAL_NOT_STARTED ( )
( 0.79931925333999998  -0.54729246917899999  -0.32685354339799999  -0.24928557836599999  -0.65248771105699999  -0.80087608110099995  0.88254253098199997  1.9869205474610001  1.0069396213640001  1.4117951456790001 ) BB_EVAL_OK ( 85314190.13788639 ) SURROGATE_EVAL_NOT_STARTED ( )
( 1.724278890693  -0.27432759904999998  0.19157266117399999  -0.29243821940100001  0.28634210668600002  0.39056104084499998  -0.58298803918599995  -0.74738145805599998  1.152539681313  1.160870778614 ) BB_EVAL_OK ( 85408185.17216529 ) SURROGATE_EVAL_NOT_STARTED ( )
( 0.42360109992200001  -0.56247722100399999  -0.22366396987500001  0.86024091269199998  -0.35023544328599998  0.10622911933199999  0.024131882109  -1.0234739878400001  0.48405921188000001  2.4651279100129999 ) BB_EVAL_OK ( 85499820.661916763 ) SURROGATE_EVAL_NOT_STARTED ( )
( 0.958286835492  0.67031828437399998  0.162364563953  -0.77960716275399999  1.08565901127  0.63725276246899998  -0.55863794221700003  -1.113797176851  0.27016594524999998  -0.10077911088200001 ) BB_EVAL_OK ( 85651539.266113132 ) SURROGATE_EVAL_NOT_STARTED ( )
( 0.22739230682299999  0.98294078639500004  -0.056019505075000003  -0.70626993201300003  0.207719794121  1.0702294895560001  -1.156346684326  -2.4570961276409999  0.827900999242  0.29298482295200001 ) BB_EVAL_OK ( 85675139.724468529 ) SURROGATE_EVAL_NOT_STARTED ( )
( 0.68455863621500002  -0.65963207750200004  -0.047737824620000001  0.52659498411600003  2.3980221911430002  -1.7171250485439999  -0.61638799807300004  1.4928054646260001  0.78689602687399995  0.72431106768300002 ) BB_EVAL_OK ( 85704466.001055092 ) SURROGATE_EVAL_NOT_STARTED ( )
( 2.598272138205  0.15705527732399999  -0.045149019226000002  -0.28383284679300003  2.0503503994379999  0.98725525823399995  -0.63658190303100004  0.35945574999899998  0.67833842766300001  -0.37869483550499999 ) BB_EVAL_OK ( 85720864.270671219 ) SURROGATE_EVAL_NOT_STARTED ( )
( 1.9686084003490001  -1.6119930425889999  0.045582690836999999  0.42007376909600003  1.3542552494219999  -1.3403013794180001  -0.98091250146300002  -0.372169696148  0.091389739326000002  -2.2324426775589998 ) BB_EVAL_OK ( 85806605.085274771 ) SURROGATE_EVAL_NOT_STARTED ( )
( -0.98734146945000001  1.684036332  0.175367782636  -1.077934683759  0.64897201569100005  -0.57320017124900002  -0.24242976395400001  -0.36685309399600002  -1.36833686969  0.200230502463 ) BB_EVAL_OK ( 85882258.660937011 ) SURROGATE_EVAL_NOT_STARTED ( )
( 0.63027615166499995  0.41542989470500002  0.066666669223999997  0.16162617670500001  1.9789630858180001  -0.39958852532299999  -0.93463578522099999  0.68174628815500005  0.55863156014699999  0.66322204841200005 ) BB_EVAL_OK ( 86038336.80956021 ) SURROGATE_EVAL_NOT_STARTED ( )
( 0.11397798440699999  -2.2753648474219998  -0.0090847753909999995  -0.97563831602700002  -0.57491891993699995  -0.83499279716200003  -0.883301465615  0.25237710283100001  -0.38275773407800001  0.035803475022999999 ) BB_EVAL_OK ( 86237484.598277375 ) SURROGATE_EVAL_NOT_STARTED ( )
( -0.059151075794000002  -1.041795706724  0.048728909209999997  -0.57361484782799999  1.7469546978699999  -1.580192641369  -0.72581031366799997  0.093022401512999994  -1.601529032637  -0.448586542157 ) BB_EVAL_OK ( 86237537.301805288 ) SURROGATE_EVAL_NOT_STARTED ( )
( -2.209650552392  1.683903592471  -0.016108521208  -1.1162878671300001  -1.381062876568  -0.19141532177600001  -0.16529575845300001  -0.73529115331499995  -0.98215962601700002  2.566964051167 ) BB_EVAL_OK ( 86332252.048932686 ) SURROGATE_EVAL_NOT_STARTED ( )
( 0.99945311339300003  -0.59532479110299996  0.20421040121600001  0.82890276955599995  0.57764137925299996  -1.9769293376729999  -1.1764606276239999  -0.31826243556799999  2.3245676814039999  -0.47415725518500002 ) BB_EVAL_OK ( 86366885.290321544 ) SURROGATE_EVAL_NOT_STARTED ( )
( -0.18823529073600001  -1.6279930469999999  -0.054303220457999998  0.027961866703999999  -0.67187759472399999  -0.017247547900999999  0.83792979283299995  -0.52002864948500005  0.67798715560300005  2.5941540655090001 ) BB_EVAL_OK ( 86381269.704267398 ) SURROGATE_EVAL_NOT_STARTED ( )
( 0.78416525638099999  0.55192307323599998  0.077434685365999997  0.148112063977  0.18390790208300001  -0.33691300055200002  -1.164059235066  -1.5813199190630001  0.76864210716400005  0.26097013867899999 ) BB_EVAL_OK ( 86418991.14354147 ) SURROGATE_EVAL_NOT_STARTED ( )
( -1.4341916354740001  0.25401709654499999  -0.053783802238999999  -0.51257169063100005  0.58678061951500005  -0.24779516561500001  1.430391361032  -1.432691506606  -1.0462978791019999  -0.90101600987300001 ) BB_EVAL_OK ( 86428128.132263273 ) SURROGATE_EVAL_NOT_STARTED ( )
( 0.27607701703600002  0.53311078440899995  0.082741898896999996  -1.604706961502  0.99553098084799996  -0.29986326141300002  0.71583238720200004  -1.3965458784910001  -0.41842036875700001  0.17757568497699999 ) BB_EVAL_OK ( 86465446.970742434 ) SURROGATE_EVAL_NOT_STARTED ( )
( 0.46383151910800002  -0.928604184557  0.033478625594  0.94838920830700002  1.199432522618  -1.274020576679  0.37839437897400002  -2.3836557561579998  0.241166690287  -0.25896896522399998 ) BB_EVAL_OK ( 86530973.247496307 ) SURROGATE_EVAL_NOT_STARTED ( )
( 0.120378262104  -0.52390353129699996  -0.182373015813  -0.87462071021900001  -0.73056602211999999  -1.3811632616689999  -0.329027555355  0.72550317673800002  -0.68836080647800002  0.90583063081799997 ) BB_EVAL_OK ( 86737189.638724416 ) SURROGATE_EVAL_NOT_STARTED ( )
( 0.84332968941700004  0.42965142598900002  0.030523975674999999  0.048813608717000002  1.4832600725539999  0.12480020107299999  0.80798855379900003  -0.31455987284300002  1.1143318781289999  0.74940346422500004 ) BB_EVAL_OK ( 86762648.523536205 ) SURROGATE_EVAL_NOT_STARTED ( )
( -0.70510638819500004  -0.89737853181100002  0.095065528110000005  -1.3628254460260001  0.088878249855999999  0.31083765077800002  1.1637668958730001  -2.0016962023759999  -0.117783583681  0.76716020465900003 ) BB_EVAL_OK ( 86935017.249730051 ) SURROGATE_EVAL_NOT_STARTED ( )
( -0.59432738049400002  -0.013858677014999999  -0.109904619143  0.80152827218300005  0.117157602798  -1.2064802564099999  0.50272741293599998  -0.95202330190999995  0.028817177393999999  2.770608548262 ) BB_EVAL_OK ( 87091786.829179645 ) SURROGATE_EVAL_NOT_STARTED ( )
( 0.22793231992400001  0.47110604082300001  -0.051301268116999997  0.69759757829000002  -0.74540975257200004  -0.52576712734099995  -0.25317376948699999  -0.57076634919199998  0.41559058424599998  1.88497459123 ) BB_EVAL_OK ( 87101626.736988723 ) SURROGATE_EVAL_NOT_STARTED ( )
( -0.79794895756799999  -1.8745279949210001  -0.124237260847  -0.51785634642300005  0.76117117275400004  -1.419584129814  1.379368738553  1.828110110571  -0.61289270840400001  -0.53613551507599999 ) BB_EVAL_OK ( 87116620.383292004 ) SURROGATE_EVAL_NOT_STARTED ( )
( -0.16935354438399999  0.39517425411399998  0.15549796176700001  -1.24693474326  0.13405782183000001  -0.543651651919  -0.27026714448200001  0.28455015233999997  -0.50078936672899999  1.45182781048 ) BB_EVAL_OK ( 87385066.531733811 ) SURROGATE_EVAL_NOT_STARTED ( )
( -1.1017749953139999  1.028633174381  -0.086383024424999996  -0.57527957967300003  1.5149265858659999  -0.84934801853399999  0.36788643739600002  0.35825500843500002  -0.57260221560500002  0.024635314605999999 ) BB_EVAL_OK ( 87643312.990416899 ) SURROGATE_EVAL_NOT_STARTED ( )
( 0.036344550327  0.25082355738599998  -0.18265105028500001  -0.87264969713399998  -0.64661803258600004  -1.137261527353  0.0091925844259999993  -1.2530505489879999  0.20945919120699999  -1.409155683497 ) BB_EVAL_OK ( 87859657.984540924 ) SURROGATE_EVAL_NOT_STARTED ( )
( 0.379643092668  -0.78908899043199998  -0.153402469229  -0.66398921555500001  -0.79772109217800002  -0.178495254642  1.3542681386119999  1.9946732260710001  -0.15617710559799999  -0.123534275576 ) BB_EVAL_OK ( 87942207.908785507 ) SURROGATE_EVAL_NOT_STARTED ( )
( -1.775846921708  -2.4744405143330002  -0.19878131141499999  -1.1864748679749999  -0.92807973540499999  -0.038116501694999999  2.2772899433229998  0.97507500761699994  -0.490346096018  0.43306521627 ) BB_EVAL_OK ( 87956020.163486287 ) SURROGATE_EVAL_NOT_STARTED ( )
( -0.90148620738700003  -0.76805117816099999  -0.088253217162000006  -0.90725665642300002  -0.61586508731  -1.787093806086  -0.61200201605600002  1.870047875679  0.71403164245200001  -0.82795015862900001 ) BB_EVAL_OK ( 88121679.892566532 ) SURROGATE_EVAL_NOT_STARTED ( )
( 1.456166309688  -0.360990142658  0.087887073600999996  -1.102863183935  1.2194605809479999  1.2793296493240001  -0.25629435685399998  -1.574902544757  0.98911266470899994  -0.50879190361399995 ) BB_EVAL_OK ( 88245352.406076387 ) SURROGATE_EVAL_NOT_STARTED ( )
( -1.040163020486  -0.45158554788999999  0.013379768634  -1.9127332774320001  -1.138441820478  -0.33213021841500001  0.143664710956  -1.148361740558  -1.5438957948630001  0.16347756265899999 ) BB_EVAL_OK ( 88429177.43620865 ) SURROGATE_EVAL_NOT_STARTED ( )
( -0.43886742003200002  0.93834991399099998  0.14638109511399999  -0.99709261006299998  0.13437718328100001  -2.297144756347  -0.90215955587300001  0.90531510952000005  -1.5140871337849999  0.048171503235000003 ) BB_EVAL_OK ( 88981898.620835379 ) SURROGATE_EVAL_NOT_STARTED ( )
( 0.50009655531200004  0.16842594677700001  0.079277976397999994  -1.067290480367  0.063474589674000007  -0.52968054665800002  0.0041179085059999997  1.497509865839  0.16653244583099999  2.0580803289579999 ) BB_EVAL_OK ( 89170189.104195952 ) SURROGATE_EVAL_NOT_STARTED ( )
( 2.4404277369880001  -2.0408206882240001  0.039485904250000002  0.072988134348  -0.126018201878  -1.1954245435169999  -0.35846513075100001  1.0898886670679999  0.24775533133700001  0.10421147140799999 ) BB_EVAL_OK ( 89190949.728852645 ) SURROGATE_EVAL_NOT_STARTED ( )
( -0.03900476638  -0.48613903232799999  -0.013061218615  -1.499117027277  -0.13392356220000001  0.60909942069300005  1.296241357605  0.0087728291609999991  1.1397799569630001  0.40867868622100001 ) BB_EVAL_OK ( 89276751.166029781 ) SURROGATE_EVAL_NOT_STARTED ( )
( -1.1344959619020001  2.2768476194099998  0.080663395863999995  -1.659748094789  0.034828216981999997  0.078636661215000001  -1.2573520686249999  -0.84865535024600003  -0.60249576590700005  1.013745370923 ) BB_EVAL_OK ( 89460196.099305913 ) SURROGATE_EVAL_NOT_STARTED ( )
( 0.43677429682899999  1.9487317706209999  0.17539387821999999  -0.63346291752700001  1.4027513294209999  -0.69357151803999995  -1.7781829084509999  -0.43718734933600001  0.83385159896299998  -0.47512649236400001 ) BB_EVAL_OK ( 89524570.39207238 ) SURROGATE_EVAL_NOT_STARTED ( )
( -0.035267937643  -1.807777709886  0.017486123146  -0.71635923373300003  0.10926757352700001  -1.9220075703020001  0.129639836678  1.287759428917  0.16823408795299999  1.8744488308739999 ) BB_EVAL_OK ( 90755767.015712902 ) SURROGATE_EVAL_NOT_STARTED ( )
( -0.71302615435299999  0.28533807193600003  -0.058320867714000003  -0.579299178892  1.4615699536769999  -1.6794143168169999  -0.83879447116700001  -0.58597651085199998  -1.7848370510139999  1.355590034814 ) BB_EVAL_OK ( 91594845.134946868 ) SURROGATE_EVAL_NOT_STARTED ( )
( 0.96404677419200002  2.3514623689760001  0.14352824173000001  -1.8949438600090001  0.67677647207900005  -0.63303063025399997  -1.160371644632  -0.92224224461100002  0.60691805628399997  1.7234688937230001 ) BB_EVAL_OK ( 92206177.421578512 ) SURROGATE_EVAL_NOT_STARTED ( )
( 0.16807061266600001  -1.37484371904  0.15757294975200001  -0.30439900475699999  0.88813856133699998  -2.6345696630409998  -0.20754431097699999  0.29825415279900003  0.42589804654899999  1.336061037561 ) BB_EVAL_OK ( 93681376.038400516 ) SURROGATE_EVAL_NOT_STARTED ( )
( 1.07053738317  -0.074617315845000004  -0.28461174028300001  -0.0062750645659999998  0.92560009121700004  -0.53226455128000005  -0.57712526369299999  -1.5199680595039999  0.431293312037  1.8268447051929999 ) BB_EVAL_OK ( 94513775.537477806 ) SURROGATE_EVAL_NOT_STARTED ( )
( -0.022853086565  -1.4351228606399999  0.015543083245  -0.26264603379399998  1.31115837833  -1.6414003749099999  0.10876069440900001  -0.94171333659099998  0.84584178534999999  2.9157123685180002 ) BB_EVAL_OK ( 97301635.994997576 ) SURROGATE_EVAL_NOT_STARTED ( )
( 2.2483885147790001  -1.372253898054  0.032483187332000001  -1.1547917806579999  0.053031698351000002  0.28481561823000001  -0.66993069603900002  -1.7502116001950001  2.128252867859  1.723616950801 ) BB_EVAL_OK ( 97677627.440726593 ) SURROGATE_EVAL_NOT_STARTED ( )
( 3.8795078318630001  -1.843585971445  -0.086330507217000002  -0.56192882298500002  0.59464165185600004  -1.5405975532489999  -3.6293831885580001  0.68376008630100005  -9.693135038906  3.5294844808480001 ) BB_EVAL_OK ( 99636767.450909242 ) SURROGATE_EVAL_NOT_STARTED ( )
( 2.159284688938  -4.9471320899829996  0.00033191488699999997  1.9626208688669999  -1.114100990891  -1.2686906034480001  -1.227324709603  2.02245998727  -7.0143845543959999  5.5972265539060002 ) BB_EVAL_OK ( 106274226.95084283 ) SURROGATE_EVAL_NOT_STARTED ( )
( 6.1772791605700004  -5.1085371801440003  0.096788103580999998  1.693249994211  2.3990550075380002  -3.3235376135750001  -3.7022839053949999  0.47895586260700002  -4.4904152171509999  2.301480147625 ) BB_EVAL_OK ( 109234032.53645211 ) SURROGATE_EVAL_NOT_STARTED ( )
( 3.457443579619  -3.6282146803869999  -0.17370058541799999  -1.931571359319  -2.1511021613930001  -3.547180794035  -0.20607964885499999  3.096148476123  -8.0569805704719997  1.7394336089610001 ) BB_EVAL_OK ( 116910732.15883014 ) SURROGATE_EVAL_NOT_STARTED ( )
( 5.2264698498469997  -1.7644413564300001  0.078526028784999993  -0.40563724460700001  0.159768140019  -0.17735882835  -0.72436446160500001  6.1562871858459998  -6.1337168834920002  4.9605225921249998 ) BB_EVAL_OK ( 117342803.11861171 ) SURROGATE_EVAL_NOT_STARTED ( )
( 0.012663778301  -2.616484073469  -0.185445670575  0.18164601307  1.2719220731030001  -4.3841816899030004  -4.8960666729010001  5.1432614184589998  -6.6373864106380003  2.2175543503820001 ) BB_EVAL_OK ( 119088086.43005364 ) SURROGATE_EVAL_NOT_STARTED ( )
( 3.464645967584  -4.34939825972  0.029222122220999999  2.8114118052360002  1.3697686787650001  2.0622332547359998  -2.0272143875649999  0.43089765697100002  -7.42755278952  5.5441336623510002 ) BB_EVAL_OK ( 121592858.86294828 ) SURROGATE_EVAL_NOT_STARTED ( )
( -2.858201350196  -3.6963894634950001  -0.14831773474599999  2.3151930845890001  4.3265596364030001  1.1270532804510001  -3.228201613955  2.530212929508  -5.6385764251769999  -4.9743504661650002 ) BB_EVAL_OK ( 131731656.58978547 ) SURROGATE_EVAL_NOT_STARTED ( )
( -0.42051519165000001  1.27831701392  -0.039477172390000002  -6.3087253674649997  2.7021333989129999  -3.907204446632  -2.4403048973630002  3.6695495858860001  1.9377672651540001  4.5903356784870004 ) BB_EVAL_OK ( 136177224.73563221 ) SURROGATE_EVAL_NOT_STARTED ( )
( 1.3262921954510001  0.117083055745  -0.109442903361  -5.0424769521590003  -0.48377624600199998  -7.6160382425630004  -2.7743674964910001  -2.9459204724429999  2.6553921327890002  2.707273727594 ) BB_EVAL_OK ( 136994960.39226845 ) SURROGATE_EVAL_NOT_STARTED ( )
( 4.9739964411809998  -1.824248431622  0.14925259098300001  0.833499463843  -0.83982663421100001  0.40274686430899997  -2.1958679452830001  0.93795954172999996  -9.8538475316860001  4.6659645675719998 ) BB_EVAL_OK ( 137302850.35207143 ) SURROGATE_EVAL_NOT_STARTED ( )
( -4.1147130977559998  -0.77590578963500001  -0.024918121022  -0.071482612628  -2.8363470420980001  -4.6599588554090001  1.578663705511  3.07389079421  4.6166718409029999  -9.4988928054069994 ) BB_EVAL_OK ( 147158764.38332361 ) SURROGATE_EVAL_NOT_STARTED ( )
( -2.1367799301780002  0.88460543240699996  -0.087603626190999997  -1.7069882383079999  1.3892012252279999  2.5742158302670002  0.89657310302399995  10.495441162529  -0.47094355287400003  2.4155968327770001 ) BB_EVAL_OK ( 168868455.23677382 ) SURROGATE_EVAL_NOT_STARTED ( )
( 1.7623136874159999  -2.1180656120119998  0.26732531957099998  1.842328082996  4.4031793032759996  3.0088719731100002  2.506874610768  -1.7380272007049999  8.3540387219600003  2.5023707490980001 ) BB_EVAL_OK ( 169265469.09087837 ) SURROGATE_EVAL_NOT_STARTED ( )
( 5.6042488242330002  -1.570618883132  0.16420679425500001  1.4173674867599999  2.425701824366  0.176636200356  -4.6876989346410003  -1.3036726240980001  -9.1550008367049998  3.116671896698 ) BB_EVAL_OK ( 171157270.09680441 ) SURROGATE_EVAL_NOT_STARTED ( )
( 5.0668766556909999  -5.6603118278859998  0.19086846827599999  -0.46285572628499999  -0.73285716809000001  -5.2386603141980004  0.47849714684900002  4.2546656473880002  -2.1903845505909998  5.4409226672519999 ) BB_EVAL_OK ( 181095373.79451987 ) SURROGATE_EVAL_NOT_STARTED ( )
( 1.8905638355909999  -5.3737485414309996  0.78051675829900002  3.7286135334649999  -5.094605386045  1.861302191806  1.238052148448  -9.2756374358959999  -3.31298605902  -4.0169309225129997 ) BB_EVAL_OK ( 194972699.46173033 ) SURROGATE_EVAL_NOT_STARTED ( )
( -4.0664607939839996  4.1516548953169998  1.031796629672  -1.5721598519319999  -6.0128809557149996  1.8132746274  0.034475619568999999  9.0863355575509992  -6.1219295281440003  3.4752136316879998 ) BB_EVAL_OK ( 195095535.04868174 ) SURROGATE_EVAL_NOT_STARTED ( )
( -1.4282482089749999  -0.94203749785500002  0.067594701278000005  -1.1580717864879999  -4.942802476602  -0.75384171624999996  5.2768790025390002  -2.9413434368639999  8.7846814748599993  2.4962746202139998 ) BB_EVAL_OK ( 199785618.08830225 ) SURROGATE_EVAL_NOT_STARTED ( )
( 7.533461649376  -4.1782288535490002  0.32411024807900002  0.69500077392799997  -0.51487495114899995  -3.7470956005459999  -0.22729533171399999  3.5781730946020001  -6.0720700333959998  3.2636952171070002 ) BB_EVAL_OK ( 214094540.27356637 ) SURROGATE_EVAL_NOT_STARTED ( )
( -2.4999128875749999  -5.2750148510689998  0.34324645046800001  1.2941742403200001  5.7170964512109999  -5.8772512535820001  -5.0453132226950004  -1.058884155606  5.1282423692760002  2.3576430282029999 ) BB_EVAL_OK ( 301276440.11031568 ) SURROGATE_EVAL_NOT_STARTED ( )
( 1.131857581612  -6.1401759522330002  0.52892316753000002  2.076852958635  0.85038140933799999  -4.4313245813449997  -0.92592235766499997  0.94537748915399999  0.59521849399000004  -7.9426818037849998 ) BB_EVAL_OK ( 357622736.76694697 ) SURROGATE_EVAL_NOT_STARTED ( )
